{
  "Author": "",
  "Name": "TEUtQXBw.msapp",
  "Id": "ad16f458-b180-4b53-9328-e5ddb8450486",
  "FileID": "1d9e74d7-83c3-4f7f-9637-d6b262a2001d",
  "LocalConnectionReferences": "{\"b7c80826-4a18-4847-b384-92b76435706e\":{\"id\":\"b7c80826-4a18-4847-b384-92b76435706e\",\"connectionInstanceId\":\"/providers/microsoft.powerapps/apis/shared_sharepointonline/connections/cce12b148be94e22b462086c5be98ae3\",\"dataSources\":[\"Gesellschaftsliste_1\",\"LE Checkliste\",\"Gesellschaftsliste\"],\"datasets\":{\"https://commerzbank.sharepoint.com/sites/FRBT1FinancialStatements\":{\"dataSources\":{\"Gesellschaftsliste_1\":{\"tableName\":\"d6c713de-64d0-4c7a-94a1-c7ea176718f0\"},\"LE Checkliste\":{\"tableName\":\"36c7d67b-bf83-4326-96e2-31c5c9377eaa\"},\"Gesellschaftsliste\":{\"tableName\":\"d6c713de-64d0-4c7a-94a1-c7ea176718f0\"}}}},\"dependencies\":{},\"dependents\":[],\"connectionRef\":{\"id\":\"/providers/microsoft.powerapps/apis/shared_sharepointonline\",\"displayName\":\"SharePoint\",\"iconUri\":\"https://conn-afd-prod-endpoint-bmc9bqahasf3grgk.b01.azurefd.net/v1.0.1769/1.0.1769.4352/sharepointonline/icon.png\"}},\"88c70c07-8c9b-4d91-a68a-230e400cf61f\":{\"id\":\"88c70c07-8c9b-4d91-a68a-230e400cf61f\",\"connectionInstanceId\":\"/providers/microsoft.powerapps/apis/shared_excelonlinebusiness/connections/999b939e1cff481185b9dc0dd9a776f1\",\"dataSources\":[\"Tabelle2\",\"Attributnamen\"],\"datasets\":{\"groups%252F10c7d653-6da9-4985-a041-3d09206b2068,b%2521HtaQk_NQuki568-cvWJXam09QkfUe0dLoJqQIZd5gydfztR1ah6QTIRj2GnxrOa8,01PYCOU5MGAT7QM4XTEZB24NGKFQSJS6UE\":{\"dataSources\":{\"Tabelle2\":{\"tableName\":\"{9EE17AFB-CEED-46BD-9955-4824E879CB7E}\"}}},\"groups%252F10c7d653-6da9-4985-a041-3d09206b2068,b%2521HtaQk_NQuki568-cvWJXam09QkfUe0dLoJqQIZd5gydfztR1ah6QTIRj2GnxrOa8,01PYCOU5NVGWNEWZOHUFHLKMIMXHUJN7J5\":{\"dataSources\":{\"Attributnamen\":{\"tableName\":\"{4B6808F8-28B5-4E1B-B3B2-10179BAD6600}\"}}}},\"dependencies\":{},\"dependents\":[],\"connectionRef\":{\"id\":\"/providers/microsoft.powerapps/apis/shared_excelonlinebusiness\",\"displayName\":\"Excel Online (Business)\",\"iconUri\":\"https://conn-afd-prod-endpoint-bmc9bqahasf3grgk.b01.azurefd.net/releases/v1.0.1777/1.0.1777.4410/excelonlinebusiness/icon.png\"}}}",
  "LocalDatabaseReferences": "",
  "LibraryDependencies": "[]",
  "AppPreviewFlagsMap": {
    "delayloadscreens": true,
    "errorhandling": true,
    "enableappembeddingux": false,
    "blockmovingcontrol": true,
    "projectionmapping": true,
    "usedisplaynamemetadata": true,
    "usenonblockingonstartrule": true,
    "longlivingcache": false,
    "useguiddatatypes": true,
    "useexperimentalcdsconnector": true,
    "useenforcesavedatalimits": true,
    "webbarcodescanner": false,
    "datatablev2control": true,
    "nativecdsexperimental": true,
    "delaycontrolrendering": true,
    "useexperimentalsqlconnector": true,
    "formuladataprefetch": true,
    "generatedebugpublishedapp": false,
    "keeprecentscreensloaded": false,
    "aibuilderserviceenrollment": false,
    "dynamicschema": false,
    "enablerowscopeonetonexpand": false,
    "herocontrols": false,
    "classiccontrols": false,
    "fluentv9controls": false,
    "fluentv9controlspreview": true,
    "onegrid": false,
    "enablepcfmoderndatasets": true,
    "optimizedforteamsmeeting": false,
    "behaviorpropertyui": true,
    "autocreateenvironmentvariables": false,
    "externalmessage": false,
    "enableonstartnavigate": false,
    "enableexcelonlinebusinessv2connector": true,
    "enableonstart": true,
    "exportimportcomponents2": true,
    "copyandmerge": false,
    "allowmultiplescreensincanvaspages": false,
    "enablecomponentscopeoldbehavior": false,
    "enablecomponentnamemaps": false,
    "enablecreateaformula": true,
    "enablesaveloadcleardataonweb": true,
    "rtlsupport": false,
    "improvedtabstopbehavior": false,
    "rtlinstudiopreview": false,
    "cdsdataformatting": false,
    "enablerpawarecomponentdependency": true,
    "expandedsavedatasupport": true,
    "appinsightserrortracing": false,
    "appinstrumentationcorrelationtracing": false,
    "powerfxv1": false,
    "zeroalltabindexes": true,
    "dataverseactionsenabled": true,
    "pdffunction": false,
    "packagemodernruntime": false,
    "enablecopilotcontrol": false,
    "enablecopilotanswercontrol": false,
    "disableruntimepolicies": false,
    "enablelegacybarcodescanner": false,
    "enabledataverseoffline": false,
    "mobilenativerendering": false,
    "smartemaildatacard": false,
    "enableupdateifdelegation": true,
    "dataflowanalysisenabled": true,
    "showclassicthemes": false,
    "userdefinedtypes": false,
    "enableeditinmcs": true,
    "disablebehaviorreturntypecheck": false,
    "commentgeneratedformulasv2": true,
    "enablecanvasappruntimecopilot": true,
    "offlineprofilegenerationemitscolumns": false,
    "proactivecontrolrename": true,
    "preferpayamlv2inux": false,
    "disablefallbacktopayamlv2": false,
    "sharepointselectsenabled": true,
    "adaptivepaging": false,
    "optimizestartscreenpublishedappload": true,
    "loadcomponentdefinitionsondemand": true,
    "tabledoesntwraprecords": true,
    "consistentreturnschemafortabularfunctions": true,
    "supportcolumnnamesasidentifiers": true,
    "powerfxdecimal": false,
    "reservedkeywords": false,
    "isemptyrequirestableargument": true,
    "primaryoutputpropertycoerciondeprecated": true
  },
  "DocumentLayoutWidth": 1366,
  "DocumentLayoutHeight": 768,
  "DocumentLayoutOrientation": "landscape",
  "DocumentLayoutScaleToFit": false,
  "DocumentLayoutMaintainAspectRatio": false,
  "DocumentLayoutLockOrientation": false,
  "ShowStatusBar": false,
  "AppCopilotSchemaName": "",
  "OriginatingVersion": "1.347",
  "DocumentAppType": "DesktopOrTablet",
  "DocumentType": "App",
  "AppCreationSource": "AppFromScreenTemplate",
  "AppDescription": "",
  "ManualOfflineProfileId": "",
  "DefaultConnectedDataSourceMaxGetRowsCount": 500,
  "ContainsThirdPartyPcfControls": false,
  "ParserErrorCount": 0,
  "BindingErrorCount": 0,
  "ConnectionString": "",
  "EnableInstrumentation": false,
  "ControlCount": {
    "screen": 3,
    "groupContainer": 40,
    "Header": 3,
    "image": 4,
    "PowerApps_CoreControls_ButtonCanvas": 6,
    "PowerApps_CoreControls_TextCanvas": 88,
    "dropdown": 9,
    "gallery": 1,
    "galleryTemplate": 1,
    "rectangle": 2,
    "icon": 1,
    "label": 3,
    "PowerApps_CoreControls_TextInputCanvas": 3,
    "PowerAppsOneGrid": 1,
    "PowerAppsOneGridTemplate_dataField": 3,
    "PowerApps_CoreControls_Icon": 9,
    "form": 5,
    "typedDataCard": 15,
    "PowerApps_CoreControls_ComboboxCanvas": 11,
    "PowerApps_CoreControls_Toggle": 4,
    "timer": 1
  },
  "DeserializationLoadTime": 2.9057307,
  "AnalysisLoadTime": 0.9664795
}