{
  "DataSources": [
    {
      "Name": "CustomGallerySample",
      "Schema": "*[SampleHeading:s, SampleImage:i, SampleText:s]",
      "IsSampleData": true,
      "IsWritable": false,
      "Type": "StaticDataSourceInfo",
      "OriginalSchema": "*[SampleHeading:s, SampleImage:i, SampleText:s]",
      "Data": "[{\"SampleHeading\":\"Lorem ipsum 1\",\"SampleImage\":\"/ctrllib/image/images/SampleImage.svg\",\"SampleText\":\"Lorem ipsum dolor sit amet, consectetur adipiscing elit.\"},{\"SampleHeading\":\"Lorem ipsum 2\",\"SampleImage\":\"/ctrllib/image/images/SampleImage.svg\",\"SampleText\":\"Suspendisse enim metus, tincidunt quis lobortis a, fringilla dignissim neque.\"},{\"SampleHeading\":\"Lorem ipsum 3\",\"SampleImage\":\"/ctrllib/image/images/SampleImage.svg\",\"SampleText\":\"Ut pharetra a dolor ac vehicula.\"},{\"SampleHeading\":\"Lorem ipsum 4\",\"SampleImage\":\"/ctrllib/image/images/SampleImage.svg\",\"SampleText\":\"Vestibulum dui felis, fringilla nec mi sed, tristique dictum nisi.\"}]",
      "OriginalName": "CustomGallerySample",
      "OrderedColumnNames": [
        "SampleImage",
        "SampleHeading",
        "SampleText"
      ]
    },
    {
      "Name": "DropDownSample",
      "Schema": "*[Value:s]",
      "IsSampleData": true,
      "IsWritable": false,
      "Type": "StaticDataSourceInfo",
      "OriginalSchema": "*[Value:s]",
      "Data": "[{\"Value\":\"1\"},{\"Value\":\"2\"},{\"Value\":\"3\"}]",
      "OriginalName": "DropDownSample",
      "OrderedColumnNames": [
        "Value"
      ]
    },
    {
      "Name": "LE Checkliste",
      "IsSampleData": false,
      "IsWritable": true,
      "Type": "ConnectedDataSourceInfo",
      "DatasetName": "https://commerzbank.sharepoint.com/sites/FRBT1FinancialStatements",
      "TableName": "36c7d67b-bf83-4326-96e2-31c5c9377eaa",
      "ApiId": "/providers/microsoft.powerapps/apis/shared_sharepointonline",
      "EncodeDataset": true,
      "CdpRevision": {
        "RevisionNumber": 1,
        "BaseUrl": "/",
        "LastChangedTimeString": "2025-10-08T16:44:37.4540000Z"
      },
      "DataEntityMetadataJson": {
        "36c7d67b-bf83-4326-96e2-31c5c9377eaa": "{\"name\":\"36c7d67b-bf83-4326-96e2-31c5c9377eaa\",\"title\":\"LE Checkliste\",\"x-ms-permission\":\"read-write\",\"x-ms-capabilities\":{\"sortRestrictions\":{\"sortable\":true,\"unsortableProperties\":[\"{Identifier}\",\"{IsFolder}\",\"{Thumbnail}\",\"{Link}\",\"{Name}\",\"{FilenameWithExtension}\",\"{Path}\",\"{FullPath}\",\"{ModerationStatus}\",\"{ModerationComment}\",\"{ContentType}\",\"{HasAttachments}\",\"{Attachments}\",\"{VersionNumber}\",\"{TriggerWindowStartToken}\",\"{TriggerWindowEndToken}\"]},\"filterRestrictions\":{\"filterable\":true,\"nonFilterableProperties\":[\"{Identifier}\",\"{IsFolder}\",\"{Thumbnail}\",\"{Link}\",\"{Name}\",\"{FilenameWithExtension}\",\"{Path}\",\"{FullPath}\",\"{ModerationStatus}\",\"{ModerationComment}\",\"{ContentType}\",\"{HasAttachments}\",\"{Attachments}\",\"{VersionNumber}\",\"{TriggerWindowStartToken}\",\"{TriggerWindowEndToken}\"]},\"isOnlyServerPagable\":true,\"filterFunctionSupport\":[\"and\",\"or\",\"eq\",\"startswith\",\"gt\",\"ge\",\"lt\",\"le\",\"ne\"],\"serverPagingOptions\":[\"top\",\"skiptoken\"],\"odataVersion\":3},\"schema\":{\"type\":\"array\",\"items\":{\"type\":\"object\",\"required\":[],\"properties\":{\"ID\":{\"title\":\"ID\",\"description\":\"Listenelement-ID. Verwenden Sie diesen Wert, um das Element anzugeben, das in anderen listenbezogenen Aktionen bearbeitet werden soll.\",\"type\":\"integer\",\"format\":\"int64\",\"x-ms-keyType\":\"primary\",\"x-ms-keyOrder\":1,\"x-ms-permission\":\"read-only\",\"x-ms-sort\":\"asc,desc\",\"x-ms-capabilities\":{\"filterFunctions\":[\"eq\"]}},\"Title\":{\"title\":\"Titel\",\"type\":\"string\",\"x-ms-permission\":\"read-write\",\"x-ms-sort\":\"asc,desc\",\"x-ms-capabilities\":{\"filterFunctions\":[\"eq\",\"startswith\"]},\"maxLength\":255},\"ECCS_ID#Id\":{\"title\":\"ECCS ID Id\",\"type\":\"integer\",\"format\":\"int64\",\"x-ms-permission\":\"read-only\",\"x-ms-visibility\":\"internal\"},\"ECCS_ID\":{\"title\":\"ECCS ID\",\"type\":\"object\",\"x-ms-permission\":\"read-write\",\"x-ms-sort\":\"asc,desc\",\"x-ms-capabilities\":{\"filterFunctions\":[\"eq\"]},\"properties\":{\"@odata.type\":{\"title\":\"@odata.type\",\"x-ms-visibility\":\"internal\",\"type\":\"string\",\"x-ms-permission\":\"read-write\"},\"Id\":{\"title\":\"Id\",\"type\":\"integer\",\"format\":\"int64\",\"x-ms-dynamic-values\":{\"operationId\":\"GetEntityValues\",\"parameters\":{\"dataset\":{\"parameter\":\"dataset\"},\"table\":{\"parameter\":\"table\"},\"id\":\"dfe0f3d3-a252-4630-99bd-41af39eed42c\"},\"value-path\":\"Id\",\"value-title\":\"Value\",\"value-collection\":\"value\"}},\"Value\":{\"title\":\"Value\",\"type\":\"string\",\"x-ms-permission\":\"read-only\",\"x-ms-capabilities\":{\"x-ms-sp\":{\"OdataQueryName\":\"ECCS_ID/Title\"},\"filterFunctions\":[\"eq\"]}}},\"x-ms-displayFormat\":{\"titleProperty\":\"Value\"}},\"ECCS_x0020_ID_x003a__x0020_Entit#Id\":{\"title\":\"ECCS ID: Entity Name Id\",\"type\":\"integer\",\"format\":\"int64\",\"x-ms-permission\":\"read-only\",\"x-ms-visibility\":\"internal\"},\"ECCS_x0020_ID_x003a__x0020_Entit\":{\"title\":\"ECCS ID: Entity Name\",\"type\":\"object\",\"x-ms-permission\":\"read-only\",\"x-ms-sort\":\"asc,desc\",\"x-ms-capabilities\":{\"filterFunctions\":[\"eq\"]},\"properties\":{\"@odata.type\":{\"title\":\"@odata.type\",\"x-ms-visibility\":\"internal\",\"type\":\"string\",\"x-ms-permission\":\"read-only\"},\"Id\":{\"title\":\"Id\",\"type\":\"integer\",\"format\":\"int64\",\"x-ms-keyType\":\"primary\",\"x-ms-keyOrder\":1,\"x-ms-permission\":\"read-only\"},\"Value\":{\"title\":\"Value\",\"type\":\"string\",\"x-ms-permission\":\"read-only\",\"x-ms-capabilities\":{\"x-ms-sp\":{\"OdataQueryName\":\"ECCS_ID/field_2\"},\"filterFunctions\":[\"eq\"]}}},\"x-ms-displayFormat\":{\"titleProperty\":\"Value\"}},\"ECCS_x0020_ID_x003a__x0020_SPOT_#Id\":{\"title\":\"ECCS ID: SPOT ID Id\",\"type\":\"integer\",\"format\":\"int64\",\"x-ms-permission\":\"read-only\",\"x-ms-visibility\":\"internal\"},\"ECCS_x0020_ID_x003a__x0020_SPOT_\":{\"title\":\"ECCS ID: SPOT ID\",\"type\":\"object\",\"x-ms-permission\":\"read-only\",\"x-ms-sort\":\"asc,desc\",\"x-ms-capabilities\":{\"filterFunctions\":[\"eq\"]},\"properties\":{\"@odata.type\":{\"title\":\"@odata.type\",\"x-ms-visibility\":\"internal\",\"type\":\"string\",\"x-ms-permission\":\"read-only\"},\"Id\":{\"title\":\"Id\",\"type\":\"integer\",\"format\":\"int64\",\"x-ms-keyType\":\"primary\",\"x-ms-keyOrder\":1,\"x-ms-permission\":\"read-only\"},\"Value\":{\"title\":\"Value\",\"type\":\"string\",\"x-ms-permission\":\"read-only\",\"x-ms-capabilities\":{\"x-ms-sp\":{\"OdataQueryName\":\"ECCS_ID/field_1\"},\"filterFunctions\":[\"eq\"]}}},\"x-ms-displayFormat\":{\"titleProperty\":\"Value\"}},\"Periode\":{\"title\":\"Periode\",\"type\":\"string\",\"format\":\"date\",\"x-ms-permission\":\"read-write\",\"x-ms-sort\":\"asc,desc\",\"x-ms-capabilities\":{\"filterFunctions\":[\"eq\",\"gt\",\"ge\",\"lt\",\"le\",\"ne\"]}},\"FLASHFinalisierung\":{\"title\":\"FLASH Finalisierung\",\"type\":\"boolean\",\"x-ms-permission\":\"read-write\",\"x-ms-sort\":\"asc,desc\",\"x-ms-capabilities\":{\"filterFunctions\":[\"eq\"]},\"default\":false},\"Lvl1Finalisierung\":{\"title\":\"IFRS Lvl 1 Finalisierung\",\"type\":\"boolean\",\"x-ms-permission\":\"read-write\",\"x-ms-sort\":\"asc,desc\",\"x-ms-capabilities\":{\"filterFunctions\":[\"eq\"]},\"default\":false},\"Lvl2Finalisierung\":{\"title\":\"IFRS Lvl 2 Finalisierung\",\"type\":\"boolean\",\"x-ms-permission\":\"read-write\",\"x-ms-sort\":\"asc,desc\",\"x-ms-capabilities\":{\"filterFunctions\":[\"eq\"]},\"default\":false},\"HGBLvl1Finalisierung\":{\"title\":\"HGB Lvl 1 Finalisierung\",\"type\":\"boolean\",\"x-ms-permission\":\"read-write\",\"x-ms-sort\":\"asc,desc\",\"x-ms-capabilities\":{\"filterFunctions\":[\"eq\"]},\"default\":false},\"OData__x0031__x002e__x00dc_berleitung#Id\":{\"title\":\"1. Überleitung Id\",\"type\":\"integer\",\"format\":\"int64\",\"x-ms-permission\":\"read-only\",\"x-ms-visibility\":\"internal\"},\"OData__x0031__x002e__x00dc_berleitung\":{\"title\":\"1. Überleitung\",\"type\":\"object\",\"x-ms-permission\":\"read-write\",\"x-ms-sort\":\"asc,desc\",\"x-ms-capabilities\":{\"x-ms-sp\":{\"IsChoice\":true},\"filterFunctions\":[\"eq\"]},\"properties\":{\"@odata.type\":{\"title\":\"@odata.type\",\"x-ms-visibility\":\"internal\",\"type\":\"string\",\"x-ms-permission\":\"read-write\"},\"Value\":{\"title\":\"Value\",\"type\":\"string\",\"default\":\"-\",\"x-ms-dynamic-values\":{\"operationId\":\"GetEntityValues\",\"parameters\":{\"dataset\":{\"parameter\":\"dataset\"},\"table\":{\"parameter\":\"table\"},\"id\":\"da6ee257-6268-4109-8172-f2a84772772f\"},\"value-path\":\"Value\",\"value-title\":\"Value\",\"value-collection\":\"value\"}},\"Id\":{\"title\":\"Id\",\"type\":\"integer\",\"format\":\"int64\",\"x-ms-visibility\":\"internal\",\"default\":2,\"x-ms-permission\":\"read-only\"}},\"x-ms-displayFormat\":{\"titleProperty\":\"Value\"}},\"OData__x0032__x002e__x00dc_berleitung#Id\":{\"title\":\"2. Überleitung Id\",\"type\":\"integer\",\"format\":\"int64\",\"x-ms-permission\":\"read-only\",\"x-ms-visibility\":\"internal\"},\"OData__x0032__x002e__x00dc_berleitung\":{\"title\":\"2. Überleitung\",\"type\":\"object\",\"x-ms-permission\":\"read-write\",\"x-ms-sort\":\"asc,desc\",\"x-ms-capabilities\":{\"x-ms-sp\":{\"IsChoice\":true},\"filterFunctions\":[\"eq\"]},\"properties\":{\"@odata.type\":{\"title\":\"@odata.type\",\"x-ms-visibility\":\"internal\",\"type\":\"string\",\"x-ms-permission\":\"read-write\"},\"Value\":{\"title\":\"Value\",\"type\":\"string\",\"default\":\"-\",\"x-ms-dynamic-values\":{\"operationId\":\"GetEntityValues\",\"parameters\":{\"dataset\":{\"parameter\":\"dataset\"},\"table\":{\"parameter\":\"table\"},\"id\":\"1e70e9e0-a3ea-4fb6-a53c-a98e1f849b59\"},\"value-path\":\"Value\",\"value-title\":\"Value\",\"value-collection\":\"value\"}},\"Id\":{\"title\":\"Id\",\"type\":\"integer\",\"format\":\"int64\",\"x-ms-visibility\":\"internal\",\"default\":2,\"x-ms-permission\":\"read-only\"}},\"x-ms-displayFormat\":{\"titleProperty\":\"Value\"}},\"FV4b5#Id\":{\"title\":\"FV 4b5 Id\",\"type\":\"integer\",\"format\":\"int64\",\"x-ms-permission\":\"read-only\",\"x-ms-visibility\":\"internal\"},\"FV4b5\":{\"title\":\"FV 4b5\",\"type\":\"object\",\"x-ms-permission\":\"read-write\",\"x-ms-sort\":\"asc,desc\",\"x-ms-capabilities\":{\"x-ms-sp\":{\"IsChoice\":true},\"filterFunctions\":[\"eq\"]},\"properties\":{\"@odata.type\":{\"title\":\"@odata.type\",\"x-ms-visibility\":\"internal\",\"type\":\"string\",\"x-ms-permission\":\"read-write\"},\"Value\":{\"title\":\"Value\",\"type\":\"string\",\"default\":\"-\",\"x-ms-dynamic-values\":{\"operationId\":\"GetEntityValues\",\"parameters\":{\"dataset\":{\"parameter\":\"dataset\"},\"table\":{\"parameter\":\"table\"},\"id\":\"9e58d0b3-9de1-4e04-835d-ba5cbeb22314\"},\"value-path\":\"Value\",\"value-title\":\"Value\",\"value-collection\":\"value\"}},\"Id\":{\"title\":\"Id\",\"type\":\"integer\",\"format\":\"int64\",\"x-ms-visibility\":\"internal\",\"default\":2,\"x-ms-permission\":\"read-only\"}},\"x-ms-displayFormat\":{\"titleProperty\":\"Value\"}},\"FinRep#Id\":{\"title\":\"FinRep Id\",\"type\":\"integer\",\"format\":\"int64\",\"x-ms-permission\":\"read-only\",\"x-ms-visibility\":\"internal\"},\"FinRep\":{\"title\":\"FinRep\",\"type\":\"object\",\"x-ms-permission\":\"read-write\",\"x-ms-sort\":\"asc,desc\",\"x-ms-capabilities\":{\"x-ms-sp\":{\"IsChoice\":true},\"filterFunctions\":[\"eq\"]},\"properties\":{\"@odata.type\":{\"title\":\"@odata.type\",\"x-ms-visibility\":\"internal\",\"type\":\"string\",\"x-ms-permission\":\"read-write\"},\"Value\":{\"title\":\"Value\",\"type\":\"string\",\"default\":\"-\",\"x-ms-dynamic-values\":{\"operationId\":\"GetEntityValues\",\"parameters\":{\"dataset\":{\"parameter\":\"dataset\"},\"table\":{\"parameter\":\"table\"},\"id\":\"64c809de-5920-4512-81ae-bede83c0fcd3\"},\"value-path\":\"Value\",\"value-title\":\"Value\",\"value-collection\":\"value\"}},\"Id\":{\"title\":\"Id\",\"type\":\"integer\",\"format\":\"int64\",\"x-ms-visibility\":\"internal\",\"default\":2,\"x-ms-permission\":\"read-only\"}},\"x-ms-displayFormat\":{\"titleProperty\":\"Value\"}},\"FLASHValidierung_x002f_Kommentie#Id\":{\"title\":\"FLASH Validierung/Kommentierung Id\",\"type\":\"integer\",\"format\":\"int64\",\"x-ms-permission\":\"read-only\",\"x-ms-visibility\":\"internal\"},\"FLASHValidierung_x002f_Kommentie\":{\"title\":\"FLASH Validierung/Kommentierung\",\"type\":\"object\",\"x-ms-permission\":\"read-write\",\"x-ms-sort\":\"asc,desc\",\"x-ms-capabilities\":{\"x-ms-sp\":{\"IsChoice\":true},\"filterFunctions\":[\"eq\"]},\"properties\":{\"@odata.type\":{\"title\":\"@odata.type\",\"x-ms-visibility\":\"internal\",\"type\":\"string\",\"x-ms-permission\":\"read-write\"},\"Value\":{\"title\":\"Value\",\"type\":\"string\",\"default\":\"-\",\"x-ms-dynamic-values\":{\"operationId\":\"GetEntityValues\",\"parameters\":{\"dataset\":{\"parameter\":\"dataset\"},\"table\":{\"parameter\":\"table\"},\"id\":\"bf2628e2-e6e3-4ad4-810a-5066e5b6c8ac\"},\"value-path\":\"Value\",\"value-title\":\"Value\",\"value-collection\":\"value\"}},\"Id\":{\"title\":\"Id\",\"type\":\"integer\",\"format\":\"int64\",\"x-ms-visibility\":\"internal\",\"default\":2,\"x-ms-permission\":\"read-only\"}},\"x-ms-displayFormat\":{\"titleProperty\":\"Value\"}},\"IFRSValidierung_x002f_Kommentier#Id\":{\"title\":\"IFRS Validierung/Kommentierung Id\",\"type\":\"integer\",\"format\":\"int64\",\"x-ms-permission\":\"read-only\",\"x-ms-visibility\":\"internal\"},\"IFRSValidierung_x002f_Kommentier\":{\"title\":\"IFRS Validierung/Kommentierung\",\"type\":\"object\",\"x-ms-permission\":\"read-write\",\"x-ms-sort\":\"asc,desc\",\"x-ms-capabilities\":{\"x-ms-sp\":{\"IsChoice\":true},\"filterFunctions\":[\"eq\"]},\"properties\":{\"@odata.type\":{\"title\":\"@odata.type\",\"x-ms-visibility\":\"internal\",\"type\":\"string\",\"x-ms-permission\":\"read-write\"},\"Value\":{\"title\":\"Value\",\"type\":\"string\",\"default\":\"-\",\"x-ms-dynamic-values\":{\"operationId\":\"GetEntityValues\",\"parameters\":{\"dataset\":{\"parameter\":\"dataset\"},\"table\":{\"parameter\":\"table\"},\"id\":\"69f63e42-5ec9-4f15-a651-dbcbf63e641d\"},\"value-path\":\"Value\",\"value-title\":\"Value\",\"value-collection\":\"value\"}},\"Id\":{\"title\":\"Id\",\"type\":\"integer\",\"format\":\"int64\",\"x-ms-visibility\":\"internal\",\"default\":2,\"x-ms-permission\":\"read-only\"}},\"x-ms-displayFormat\":{\"titleProperty\":\"Value\"}},\"HGBValidierung_x002f_Kommentieru#Id\":{\"title\":\"HGB Validierung/Kommentierung Id\",\"type\":\"integer\",\"format\":\"int64\",\"x-ms-permission\":\"read-only\",\"x-ms-visibility\":\"internal\"},\"HGBValidierung_x002f_Kommentieru\":{\"title\":\"HGB Validierung/Kommentierung\",\"type\":\"object\",\"x-ms-permission\":\"read-write\",\"x-ms-sort\":\"asc,desc\",\"x-ms-capabilities\":{\"x-ms-sp\":{\"IsChoice\":true},\"filterFunctions\":[\"eq\"]},\"properties\":{\"@odata.type\":{\"title\":\"@odata.type\",\"x-ms-visibility\":\"internal\",\"type\":\"string\",\"x-ms-permission\":\"read-write\"},\"Value\":{\"title\":\"Value\",\"type\":\"string\",\"default\":\"-\",\"x-ms-dynamic-values\":{\"operationId\":\"GetEntityValues\",\"parameters\":{\"dataset\":{\"parameter\":\"dataset\"},\"table\":{\"parameter\":\"table\"},\"id\":\"4bfe2fde-6fca-4d5e-8bc5-cae1bbb48573\"},\"value-path\":\"Value\",\"value-title\":\"Value\",\"value-collection\":\"value\"}},\"Id\":{\"title\":\"Id\",\"type\":\"integer\",\"format\":\"int64\",\"x-ms-visibility\":\"internal\",\"default\":2,\"x-ms-permission\":\"read-only\"}},\"x-ms-displayFormat\":{\"titleProperty\":\"Value\"}},\"IFRSLLP#Id\":{\"title\":\"IFRS LLP Id\",\"type\":\"integer\",\"format\":\"int64\",\"x-ms-permission\":\"read-only\",\"x-ms-visibility\":\"internal\"},\"IFRSLLP\":{\"title\":\"IFRS LLP\",\"type\":\"object\",\"x-ms-permission\":\"read-write\",\"x-ms-sort\":\"asc,desc\",\"x-ms-capabilities\":{\"x-ms-sp\":{\"IsChoice\":true},\"filterFunctions\":[\"eq\"]},\"properties\":{\"@odata.type\":{\"title\":\"@odata.type\",\"x-ms-visibility\":\"internal\",\"type\":\"string\",\"x-ms-permission\":\"read-write\"},\"Value\":{\"title\":\"Value\",\"type\":\"string\",\"default\":\"-\",\"x-ms-dynamic-values\":{\"operationId\":\"GetEntityValues\",\"parameters\":{\"dataset\":{\"parameter\":\"dataset\"},\"table\":{\"parameter\":\"table\"},\"id\":\"9f8437a8-21ec-45f3-9ed8-2b2cb993be30\"},\"value-path\":\"Value\",\"value-title\":\"Value\",\"value-collection\":\"value\"}},\"Id\":{\"title\":\"Id\",\"type\":\"integer\",\"format\":\"int64\",\"x-ms-visibility\":\"internal\",\"default\":2,\"x-ms-permission\":\"read-only\"}},\"x-ms-displayFormat\":{\"titleProperty\":\"Value\"}},\"HGBLLP#Id\":{\"title\":\"HGB LLP Id\",\"type\":\"integer\",\"format\":\"int64\",\"x-ms-permission\":\"read-only\",\"x-ms-visibility\":\"internal\"},\"HGBLLP\":{\"title\":\"HGB LLP\",\"type\":\"object\",\"x-ms-permission\":\"read-write\",\"x-ms-sort\":\"asc,desc\",\"x-ms-capabilities\":{\"x-ms-sp\":{\"IsChoice\":true},\"filterFunctions\":[\"eq\"]},\"properties\":{\"@odata.type\":{\"title\":\"@odata.type\",\"x-ms-visibility\":\"internal\",\"type\":\"string\",\"x-ms-permission\":\"read-write\"},\"Value\":{\"title\":\"Value\",\"type\":\"string\",\"default\":\"-\",\"x-ms-dynamic-values\":{\"operationId\":\"GetEntityValues\",\"parameters\":{\"dataset\":{\"parameter\":\"dataset\"},\"table\":{\"parameter\":\"table\"},\"id\":\"1c97a594-d5f7-44f8-95d8-9ca2fbd38dcb\"},\"value-path\":\"Value\",\"value-title\":\"Value\",\"value-collection\":\"value\"}},\"Id\":{\"title\":\"Id\",\"type\":\"integer\",\"format\":\"int64\",\"x-ms-visibility\":\"internal\",\"default\":2,\"x-ms-permission\":\"read-only\"}},\"x-ms-displayFormat\":{\"titleProperty\":\"Value\"}},\"RelatedParties#Id\":{\"title\":\"Related Parties Id\",\"type\":\"integer\",\"format\":\"int64\",\"x-ms-permission\":\"read-only\",\"x-ms-visibility\":\"internal\"},\"RelatedParties\":{\"title\":\"Related Parties\",\"type\":\"object\",\"x-ms-permission\":\"read-write\",\"x-ms-sort\":\"asc,desc\",\"x-ms-capabilities\":{\"x-ms-sp\":{\"IsChoice\":true},\"filterFunctions\":[\"eq\"]},\"properties\":{\"@odata.type\":{\"title\":\"@odata.type\",\"x-ms-visibility\":\"internal\",\"type\":\"string\",\"x-ms-permission\":\"read-write\"},\"Value\":{\"title\":\"Value\",\"type\":\"string\",\"default\":\"-\",\"x-ms-dynamic-values\":{\"operationId\":\"GetEntityValues\",\"parameters\":{\"dataset\":{\"parameter\":\"dataset\"},\"table\":{\"parameter\":\"table\"},\"id\":\"ee075015-2cfe-442b-94b2-a529da79dca7\"},\"value-path\":\"Value\",\"value-title\":\"Value\",\"value-collection\":\"value\"}},\"Id\":{\"title\":\"Id\",\"type\":\"integer\",\"format\":\"int64\",\"x-ms-visibility\":\"internal\",\"default\":2,\"x-ms-permission\":\"read-only\"}},\"x-ms-displayFormat\":{\"titleProperty\":\"Value\"}},\"OData__ColorTag\":{\"title\":\"Farbkennzeichnung\",\"type\":\"string\",\"x-ms-permission\":\"read-only\",\"x-ms-sort\":\"asc,desc\",\"x-ms-capabilities\":{\"filterFunctions\":[\"eq\",\"startswith\"]},\"maxLength\":255},\"ComplianceAssetId\":{\"title\":\"Complianceobjekt-ID\",\"type\":\"string\",\"x-ms-permission\":\"read-only\",\"x-ms-sort\":\"asc,desc\",\"x-ms-capabilities\":{\"filterFunctions\":[\"eq\",\"startswith\"]},\"maxLength\":255},\"Vorzeichen#Id\":{\"title\":\"Vorzeichen Id\",\"type\":\"integer\",\"format\":\"int64\",\"x-ms-permission\":\"read-only\",\"x-ms-visibility\":\"internal\"},\"Vorzeichen\":{\"title\":\"Vorzeichen\",\"type\":\"object\",\"x-ms-permission\":\"read-write\",\"x-ms-sort\":\"asc,desc\",\"x-ms-capabilities\":{\"x-ms-sp\":{\"IsChoice\":true},\"filterFunctions\":[\"eq\"]},\"properties\":{\"@odata.type\":{\"title\":\"@odata.type\",\"x-ms-visibility\":\"internal\",\"type\":\"string\",\"x-ms-permission\":\"read-write\"},\"Value\":{\"title\":\"Value\",\"type\":\"string\",\"default\":\"-\",\"x-ms-dynamic-values\":{\"operationId\":\"GetEntityValues\",\"parameters\":{\"dataset\":{\"parameter\":\"dataset\"},\"table\":{\"parameter\":\"table\"},\"id\":\"70cadce0-0c3e-4ae9-854a-ace0162f0e22\"},\"value-path\":\"Value\",\"value-title\":\"Value\",\"value-collection\":\"value\"}},\"Id\":{\"title\":\"Id\",\"type\":\"integer\",\"format\":\"int64\",\"x-ms-visibility\":\"internal\",\"default\":2,\"x-ms-permission\":\"read-only\"}},\"x-ms-displayFormat\":{\"titleProperty\":\"Value\"}},\"Modified\":{\"title\":\"Geändert\",\"description\":\"Wann dieses Element zuletzt geändert wurde.\",\"type\":\"string\",\"format\":\"date-time\",\"x-ms-permission\":\"read-only\",\"x-ms-sort\":\"asc,desc\",\"x-ms-capabilities\":{\"filterFunctions\":[\"eq\",\"gt\",\"ge\",\"lt\",\"le\",\"ne\"]}},\"Created\":{\"title\":\"Erstellt\",\"description\":\"Wann dieses Element erstellt wurde.\",\"type\":\"string\",\"format\":\"date-time\",\"x-ms-permission\":\"read-only\",\"x-ms-sort\":\"asc,desc\",\"x-ms-capabilities\":{\"filterFunctions\":[\"eq\",\"gt\",\"ge\",\"lt\",\"le\",\"ne\"]}},\"Author#Claims\":{\"title\":\"Erstellt von Claims\",\"type\":\"string\",\"description\":\"Interner Bezeichner für den Benutzer, der dieses Element erstellt hat.\",\"x-ms-permission\":\"read-only\",\"x-ms-visibility\":\"internal\"},\"Author\":{\"title\":\"Erstellt von\",\"description\":\"Der Benutzer, der dieses Element erstellt hat.\",\"type\":\"object\",\"x-ms-permission\":\"read-only\",\"x-ms-sort\":\"asc,desc\",\"x-ms-capabilities\":{\"filterFunctions\":[\"eq\"]},\"properties\":{\"@odata.type\":{\"title\":\"@odata.type\",\"x-ms-visibility\":\"internal\",\"type\":\"string\",\"x-ms-permission\":\"read-only\"},\"Claims\":{\"title\":\"Claims\",\"type\":\"string\",\"description\":\"Interner Bezeichner für den Benutzer, der dieses Element erstellt hat.\",\"x-ms-permission\":\"read-only\",\"x-ms-dynamic-values\":{\"operationId\":\"GetEntityValues\",\"parameters\":{\"dataset\":{\"parameter\":\"dataset\"},\"table\":{\"parameter\":\"table\"},\"id\":\"1df5e554-ec7e-46a6-901d-d85a3881cb18\"},\"value-path\":\"Claims\",\"value-title\":\"DisplayName\",\"value-collection\":\"value\"}},\"DisplayName\":{\"title\":\"DisplayName\",\"type\":\"string\",\"description\":\"Der Name des Benutzers, der dieses Element erstellt hat.\",\"x-ms-permission\":\"read-only\",\"x-ms-capabilities\":{\"x-ms-sp\":{\"OdataQueryName\":\"Title\"},\"filterFunctions\":[\"eq\",\"startswith\"]}},\"Email\":{\"title\":\"Email\",\"type\":\"string\",\"description\":\"Die E-Mail-Adresse des Benutzers, der dieses Element erstellt hat.\",\"format\":\"email\",\"x-ms-permission\":\"read-only\",\"x-ms-capabilities\":{\"x-ms-sp\":{\"OdataQueryName\":\"EMail\"},\"filterFunctions\":[\"eq\",\"startswith\"]}},\"Picture\":{\"title\":\"Picture\",\"type\":\"string\",\"description\":\"Link zu einem Bild des Benutzers, der dieses Element erstellt hat.\",\"format\":\"uri\",\"x-ms-media-kind\":\"image\",\"x-ms-media-default-folder-path\":\"/sites/FRBT1FinancialStatements\",\"x-ms-media-base-url\":\"https://commerzbank.sharepoint.com/sites/FRBT1FinancialStatements\",\"x-ms-permission\":\"read-only\"},\"Department\":{\"title\":\"Department\",\"type\":\"string\",\"description\":\"Der Abteilungsname des Benutzers, der dieses Element erstellt hat.\",\"x-ms-permission\":\"read-only\"},\"JobTitle\":{\"title\":\"JobTitle\",\"type\":\"string\",\"description\":\"Die berufliche Position des Benutzers, der dieses Element erstellt hat.\",\"x-ms-permission\":\"read-only\"}},\"x-ms-displayFormat\":{\"titleProperty\":\"DisplayName\",\"subtitleProperty\":\"Email\",\"thumbnailProperty\":\"Picture\"}},\"Editor#Claims\":{\"title\":\"Geändert von Claims\",\"type\":\"string\",\"description\":\"Interner Bezeichner für den Benutzer, der dieses Element zuletzt geändert hat.\",\"x-ms-permission\":\"read-only\",\"x-ms-visibility\":\"internal\"},\"Editor\":{\"title\":\"Geändert von\",\"description\":\"Der Benutzer, der dieses Element zuletzt geändert hat.\",\"type\":\"object\",\"x-ms-permission\":\"read-only\",\"x-ms-sort\":\"asc,desc\",\"x-ms-capabilities\":{\"filterFunctions\":[\"eq\"]},\"properties\":{\"@odata.type\":{\"title\":\"@odata.type\",\"x-ms-visibility\":\"internal\",\"type\":\"string\",\"x-ms-permission\":\"read-only\"},\"Claims\":{\"title\":\"Claims\",\"type\":\"string\",\"description\":\"Interner Bezeichner für den Benutzer, der dieses Element zuletzt geändert hat.\",\"x-ms-permission\":\"read-only\",\"x-ms-dynamic-values\":{\"operationId\":\"GetEntityValues\",\"parameters\":{\"dataset\":{\"parameter\":\"dataset\"},\"table\":{\"parameter\":\"table\"},\"id\":\"d31655d1-1d5b-4511-95a1-7a09e9b75bf2\"},\"value-path\":\"Claims\",\"value-title\":\"DisplayName\",\"value-collection\":\"value\"}},\"DisplayName\":{\"title\":\"DisplayName\",\"type\":\"string\",\"description\":\"Der Name des Benutzers, der dieses Element zuletzt geändert hat.\",\"x-ms-permission\":\"read-only\",\"x-ms-capabilities\":{\"x-ms-sp\":{\"OdataQueryName\":\"Title\"},\"filterFunctions\":[\"eq\",\"startswith\"]}},\"Email\":{\"title\":\"Email\",\"type\":\"string\",\"description\":\"Die E-Mail-Adresse des Benutzers, der dieses Element zuletzt geändert hat.\",\"format\":\"email\",\"x-ms-permission\":\"read-only\",\"x-ms-capabilities\":{\"x-ms-sp\":{\"OdataQueryName\":\"EMail\"},\"filterFunctions\":[\"eq\",\"startswith\"]}},\"Picture\":{\"title\":\"Picture\",\"type\":\"string\",\"description\":\"Link zu einem Bild des Benutzers, der dieses Element zuletzt geändert hat.\",\"format\":\"uri\",\"x-ms-media-kind\":\"image\",\"x-ms-media-default-folder-path\":\"/sites/FRBT1FinancialStatements\",\"x-ms-media-base-url\":\"https://commerzbank.sharepoint.com/sites/FRBT1FinancialStatements\",\"x-ms-permission\":\"read-only\"},\"Department\":{\"title\":\"Department\",\"type\":\"string\",\"description\":\"Der Abteilungsname des Benutzers, der dieses Element zuletzt geändert hat.\",\"x-ms-permission\":\"read-only\"},\"JobTitle\":{\"title\":\"JobTitle\",\"type\":\"string\",\"description\":\"Berufliche Position des Benutzers, der dieses Element zuletzt geändert hat.\",\"x-ms-permission\":\"read-only\"}},\"x-ms-displayFormat\":{\"titleProperty\":\"DisplayName\",\"subtitleProperty\":\"Email\",\"thumbnailProperty\":\"Picture\"}},\"{Identifier}\":{\"title\":\"Bezeichner\",\"description\":\"Der Wert, der bei dateibezogenen Aktionen zum Auswählen einer Datei verwendet werden kann.\",\"type\":\"string\",\"x-ms-permission\":\"read-only\",\"x-ms-sort\":\"none\"},\"{IsFolder}\":{\"title\":\"IstOrdner\",\"description\":\"Wahr, wenn das Element in einem Ordner ist, andernfalls falsch.\",\"type\":\"boolean\",\"x-ms-permission\":\"read-only\",\"x-ms-sort\":\"none\"},\"{Thumbnail}\":{\"title\":\"Thumbnail\",\"description\":\"URL to the thumbnails of the item in 3 different sizes, if available.\",\"type\":\"object\",\"x-ms-permission\":\"read-only\",\"x-ms-sort\":\"none\",\"properties\":{\"@odata.type\":{\"title\":\"@odata.type\",\"x-ms-visibility\":\"internal\",\"type\":\"string\",\"x-ms-permission\":\"read-only\"},\"Small\":{\"title\":\"Small\",\"type\":\"string\",\"description\":\"URL zur kleinen, stark komprimierten Miniaturansicht des Elements, sofern verfügbar.\",\"x-ms-permission\":\"read-only\"},\"Medium\":{\"title\":\"Medium\",\"type\":\"string\",\"description\":\"URL zur Miniaturansicht des Elements in Standardgröße, sofern verfügbar.\",\"x-ms-permission\":\"read-only\"},\"Large\":{\"title\":\"Large\",\"type\":\"string\",\"description\":\"URL zur größten Miniaturansicht des Elements, sofern verfügbar.\",\"x-ms-permission\":\"read-only\"}}},\"{Link}\":{\"title\":\"Link zu Element\",\"description\":\"Ein Link, der verwendet werden kann, um zu der Datei oder dem Listenelement zu gelangen. Nur Personen mit Berechtigungen für das Element können den Link öffnen.\",\"type\":\"string\",\"x-ms-permission\":\"read-only\",\"x-ms-sort\":\"none\"},\"{Name}\":{\"title\":\"Name\",\"description\":\"Der Dateiname des Elements in Dokumentbibliotheken, der Anzeigename des Elements in Listen.\",\"type\":\"string\",\"x-ms-permission\":\"read-only\",\"x-ms-sort\":\"none\"},\"{FilenameWithExtension}\":{\"title\":\"Dateiname mit Erweiterung\",\"description\":\"Gibt bei Bibliotheken den Dateinamen mit Erweiterung zurück. Gibt bei Listen die \\\"Title\\\"-Eigenschaft zurück.\",\"type\":\"string\",\"x-ms-permission\":\"read-only\",\"x-ms-sort\":\"none\"},\"{Path}\":{\"title\":\"Ordnerpfad\",\"description\":\"Der Pfad zu dem Ordner, indem sich das Element befindet, relativ zur Siteadresse.\",\"type\":\"string\",\"x-ms-permission\":\"read-only\",\"x-ms-sort\":\"none\"},\"{FullPath}\":{\"title\":\"Vollständiger Pfad\",\"description\":\"Vollständiger Pfad eines Elements, Ordners oder einer Datei.\",\"type\":\"string\",\"x-ms-permission\":\"read-only\",\"x-ms-sort\":\"none\"},\"{ModerationStatus}\":{\"title\":\"Inhaltsgenehmigungsstatus\",\"description\":\"Der inhaltsgenehmigungsstatus. Es kann eine der folgenden sein: Entwurf, Ausstehend, genehmigt oder abgelehnt\",\"type\":\"string\",\"x-ms-permission\":\"read-only\",\"x-ms-sort\":\"none\"},\"{ModerationComment}\":{\"title\":\"Die der Inhaltsgenehmigung dieses Listenelements zugeordnete Kommentare.\",\"description\":\"Die der Moderation des Listenelements zugeordnete Kommentare.\",\"type\":\"string\",\"x-ms-permission\":\"read-only\",\"x-ms-sort\":\"none\"},\"{ContentType}#Id\":{\"title\":\"Inhaltstyp Id\",\"type\":\"string\",\"x-ms-permission\":\"read-only\",\"x-ms-visibility\":\"internal\"},\"{ContentType}\":{\"title\":\"Inhaltstyp\",\"description\":\"Der Name des Inhaltstyps des Elements.\",\"type\":\"object\",\"x-ms-permission\":\"read-write\",\"x-ms-sort\":\"none\",\"properties\":{\"@odata.type\":{\"title\":\"@odata.type\",\"x-ms-visibility\":\"internal\",\"type\":\"string\",\"x-ms-permission\":\"read-write\"},\"Id\":{\"title\":\"Id\",\"type\":\"string\",\"x-ms-dynamic-values\":{\"operationId\":\"GetEntityValues\",\"parameters\":{\"dataset\":{\"parameter\":\"dataset\"},\"table\":{\"parameter\":\"table\"},\"id\":\"4651e8f2-38c9-4ad0-8def-41f743f76f30\"},\"value-path\":\"Id\",\"value-title\":\"Name\",\"value-collection\":\"value\"}},\"Name\":{\"title\":\"Name\",\"type\":\"string\",\"x-ms-permission\":\"read-only\"}},\"x-ms-displayFormat\":{\"titleProperty\":\"Name\"}},\"{HasAttachments}\":{\"title\":\"Hat Anlagen\",\"description\":\"Zeigt das Vorhandensein von Anlagen in dem Element an.\",\"type\":\"boolean\",\"x-ms-permission\":\"read-only\",\"x-ms-sort\":\"none\"},\"{Attachments}@odata.type\":{\"title\":\"{Attachments}\",\"type\":\"string\",\"x-ms-visibility\":\"internal\",\"x-ms-permission\":\"read-write\"},\"{Attachments}\":{\"title\":\"Anlagen\",\"description\":\"Gibt nie Daten zurück. Verwenden Sie Anlagenendpunkte, um auf Elementanlagen zuzugreifen.\",\"x-ms-permission\":\"read-write\",\"targetEntity\":\"attachments\",\"format\":\"x-ms-containedMediaEntity\",\"x-ms-visibility\":\"internal\",\"type\":\"array\",\"items\":{\"type\":\"object\",\"format\":\"x-ms-mediaEntity\",\"x-ms-sort\":\"none\",\"properties\":{\"@odata.type\":{\"title\":\"@odata.type\",\"x-ms-visibility\":\"internal\",\"type\":\"string\",\"x-ms-permission\":\"read-write\"},\"Id\":{\"title\":\"Id\",\"type\":\"string\",\"x-ms-keyType\":\"primary\",\"x-ms-keyOrder\":1,\"x-ms-permission\":\"read-only\"},\"AbsoluteUri\":{\"title\":\"AbsoluteUri\",\"type\":\"string\",\"format\":\"uri\",\"x-ms-permission\":\"read-only\"},\"DisplayName\":{\"title\":\"DisplayName\",\"type\":\"string\",\"x-ms-permission\":\"read-only\"}}},\"@odata.type\":\"#Collection(Microsoft.Azure.Connectors.SharePoint.SPListItemAttachment)\"},\"{VersionNumber}\":{\"title\":\"Versionsnummer\",\"description\":\"Die Versionsnummer der Datei oder des Listenelements.\",\"type\":\"string\",\"x-ms-permission\":\"read-only\",\"x-ms-sort\":\"none\"},\"{TriggerWindowStartToken}\":{\"title\":\"Token für Start des Zeitfensters auslösen\",\"description\":\"Ein Token, das die Zeit der letzten Überprüfung des Datenstroms ausdrückt. Verwenden Sie diese Option, wenn Sie überprüfen möchten, ob mindestens eine Spalte seit der letzten Überprüfung des Datenstroms geändert wurde.\",\"type\":\"string\",\"x-ms-permission\":\"read-only\",\"x-ms-sort\":\"none\"},\"{TriggerWindowEndToken}\":{\"title\":\"Token für Ende des Zeitfensters auslösen\",\"description\":\"Ein Token, das die Zeit des aktuellen Datenstroms überprüft. Verwenden Sie diese Option, wenn Sie überprüfen möchten, ob mindestens eine Spalte seit der letzten Überprüfung des Datenstroms geändert wurde.\",\"type\":\"string\",\"x-ms-permission\":\"read-only\",\"x-ms-sort\":\"none\"}},\"x-ms-relationships\":{\"ECCS_ID\":{\"targetEntity\":\"ECCS_ID\",\"referentialConstraints\":{\"ECCS_ID#Id\":{\"referencedProperty\":\"Id\"}}},\"ECCS_x0020_ID_x003a__x0020_Entit\":{\"targetEntity\":\"ECCS_x0020_ID_x003a__x0020_Entit\",\"referentialConstraints\":{\"ECCS_x0020_ID_x003a__x0020_Entit#Id\":{\"referencedProperty\":\"Id\"}}},\"ECCS_x0020_ID_x003a__x0020_SPOT_\":{\"targetEntity\":\"ECCS_x0020_ID_x003a__x0020_SPOT_\",\"referentialConstraints\":{\"ECCS_x0020_ID_x003a__x0020_SPOT_#Id\":{\"referencedProperty\":\"Id\"}}},\"OData__x0031__x002e__x00dc_berleitung\":{\"targetEntity\":\"OData__x0031__x002e__x00dc_berleitung\",\"referentialConstraints\":{\"OData__x0031__x002e__x00dc_berleitung#Id\":{\"referencedProperty\":\"Id\"}}},\"OData__x0032__x002e__x00dc_berleitung\":{\"targetEntity\":\"OData__x0032__x002e__x00dc_berleitung\",\"referentialConstraints\":{\"OData__x0032__x002e__x00dc_berleitung#Id\":{\"referencedProperty\":\"Id\"}}},\"FV4b5\":{\"targetEntity\":\"FV4b5\",\"referentialConstraints\":{\"FV4b5#Id\":{\"referencedProperty\":\"Id\"}}},\"FinRep\":{\"targetEntity\":\"FinRep\",\"referentialConstraints\":{\"FinRep#Id\":{\"referencedProperty\":\"Id\"}}},\"FLASHValidierung_x002f_Kommentie\":{\"targetEntity\":\"FLASHValidierung_x002f_Kommentie\",\"referentialConstraints\":{\"FLASHValidierung_x002f_Kommentie#Id\":{\"referencedProperty\":\"Id\"}}},\"IFRSValidierung_x002f_Kommentier\":{\"targetEntity\":\"IFRSValidierung_x002f_Kommentier\",\"referentialConstraints\":{\"IFRSValidierung_x002f_Kommentier#Id\":{\"referencedProperty\":\"Id\"}}},\"HGBValidierung_x002f_Kommentieru\":{\"targetEntity\":\"HGBValidierung_x002f_Kommentieru\",\"referentialConstraints\":{\"HGBValidierung_x002f_Kommentieru#Id\":{\"referencedProperty\":\"Id\"}}},\"IFRSLLP\":{\"targetEntity\":\"IFRSLLP\",\"referentialConstraints\":{\"IFRSLLP#Id\":{\"referencedProperty\":\"Id\"}}},\"HGBLLP\":{\"targetEntity\":\"HGBLLP\",\"referentialConstraints\":{\"HGBLLP#Id\":{\"referencedProperty\":\"Id\"}}},\"RelatedParties\":{\"targetEntity\":\"RelatedParties\",\"referentialConstraints\":{\"RelatedParties#Id\":{\"referencedProperty\":\"Id\"}}},\"Vorzeichen\":{\"targetEntity\":\"Vorzeichen\",\"referentialConstraints\":{\"Vorzeichen#Id\":{\"referencedProperty\":\"Id\"}}},\"Author\":{\"targetEntity\":\"Author\",\"referentialConstraints\":{\"Author#Claims\":{\"referencedProperty\":\"Claims\"}}},\"Editor\":{\"targetEntity\":\"Editor\",\"referentialConstraints\":{\"Editor#Claims\":{\"referencedProperty\":\"Claims\"}}},\"{ContentType}\":{\"targetEntity\":\"4651e8f2-38c9-4ad0-8def-41f743f76f30\",\"referentialConstraints\":{\"{ContentType}#Id\":{\"referencedProperty\":\"Id\"}}}},\"x-ms-displayFormat\":{\"propertiesDisplayOrder\":[\"Title\",\"Periode\",\"Lvl1Finalisierung\",\"Lvl2Finalisierung\",\"FLASHFinalisierung\",\"HGBLvl1Finalisierung\",\"ECCS_ID\",\"ECCS_x0020_ID_x003a__x0020_SPOT_\",\"ECCS_x0020_ID_x003a__x0020_Entit\",\"OData__x0031__x002e__x00dc_berleitung\",\"OData__x0032__x002e__x00dc_berleitung\",\"FLASHValidierung_x002f_Kommentie\",\"IFRSValidierung_x002f_Kommentier\",\"HGBValidierung_x002f_Kommentieru\",\"Vorzeichen\",\"IFRSLLP\",\"HGBLLP\",\"FV4b5\",\"FinRep\",\"RelatedParties\",\"{Attachments}\"],\"propertiesCompactDisplayOrder\":[\"Title\",\"ECCS_ID\",\"ECCS_x0020_ID_x003a__x0020_Entit\",\"ECCS_x0020_ID_x003a__x0020_SPOT_\",\"Periode\",\"FLASHFinalisierung\",\"Lvl1Finalisierung\",\"Lvl2Finalisierung\",\"HGBLvl1Finalisierung\",\"OData__x0031__x002e__x00dc_berleitung\",\"OData__x0032__x002e__x00dc_berleitung\",\"FV4b5\",\"FinRep\",\"FLASHValidierung_x002f_Kommentie\",\"IFRSValidierung_x002f_Kommentier\",\"HGBValidierung_x002f_Kommentieru\",\"IFRSLLP\",\"HGBLLP\",\"RelatedParties\"],\"propertiesTabularDisplayOrder\":[\"Title\",\"ECCS_ID\",\"ECCS_x0020_ID_x003a__x0020_Entit\",\"ECCS_x0020_ID_x003a__x0020_SPOT_\",\"Periode\",\"FLASHFinalisierung\",\"Lvl1Finalisierung\",\"Lvl2Finalisierung\",\"HGBLvl1Finalisierung\",\"OData__x0031__x002e__x00dc_berleitung\",\"OData__x0032__x002e__x00dc_berleitung\",\"FV4b5\",\"FinRep\",\"FLASHValidierung_x002f_Kommentie\",\"IFRSValidierung_x002f_Kommentier\",\"HGBValidierung_x002f_Kommentieru\",\"IFRSLLP\",\"HGBLLP\",\"RelatedParties\"]}}},\"referencedEntities\":{\"ECCS_ID\":{\"lookupEndpoint\":{\"path\":\"/tables/36c7d67b-bf83-4326-96e2-31c5c9377eaa/entities/ECCS_ID\",\"capabilities\":{\"searchable\":true,\"requiresSearch\":false}}},\"ECCS_x0020_ID_x003a__x0020_Entit\":{\"lookupEndpoint\":{\"path\":\"/tables/36c7d67b-bf83-4326-96e2-31c5c9377eaa/entities/ECCS_x0020_ID_x003a__x0020_Entit\",\"capabilities\":{\"searchable\":true,\"requiresSearch\":false}}},\"ECCS_x0020_ID_x003a__x0020_SPOT_\":{\"lookupEndpoint\":{\"path\":\"/tables/36c7d67b-bf83-4326-96e2-31c5c9377eaa/entities/ECCS_x0020_ID_x003a__x0020_SPOT_\",\"capabilities\":{\"searchable\":true,\"requiresSearch\":false}}},\"OData__x0031__x002e__x00dc_berleitung\":{\"lookupEndpoint\":{\"path\":\"/tables/36c7d67b-bf83-4326-96e2-31c5c9377eaa/entities/OData__x0031__x002e__x00dc_berleitung\",\"capabilities\":{\"searchable\":true,\"requiresSearch\":false}}},\"OData__x0032__x002e__x00dc_berleitung\":{\"lookupEndpoint\":{\"path\":\"/tables/36c7d67b-bf83-4326-96e2-31c5c9377eaa/entities/OData__x0032__x002e__x00dc_berleitung\",\"capabilities\":{\"searchable\":true,\"requiresSearch\":false}}},\"FV4b5\":{\"lookupEndpoint\":{\"path\":\"/tables/36c7d67b-bf83-4326-96e2-31c5c9377eaa/entities/FV4b5\",\"capabilities\":{\"searchable\":true,\"requiresSearch\":false}}},\"FinRep\":{\"lookupEndpoint\":{\"path\":\"/tables/36c7d67b-bf83-4326-96e2-31c5c9377eaa/entities/FinRep\",\"capabilities\":{\"searchable\":true,\"requiresSearch\":false}}},\"FLASHValidierung_x002f_Kommentie\":{\"lookupEndpoint\":{\"path\":\"/tables/36c7d67b-bf83-4326-96e2-31c5c9377eaa/entities/FLASHValidierung_x002f_Kommentie\",\"capabilities\":{\"searchable\":true,\"requiresSearch\":false}}},\"IFRSValidierung_x002f_Kommentier\":{\"lookupEndpoint\":{\"path\":\"/tables/36c7d67b-bf83-4326-96e2-31c5c9377eaa/entities/IFRSValidierung_x002f_Kommentier\",\"capabilities\":{\"searchable\":true,\"requiresSearch\":false}}},\"HGBValidierung_x002f_Kommentieru\":{\"lookupEndpoint\":{\"path\":\"/tables/36c7d67b-bf83-4326-96e2-31c5c9377eaa/entities/HGBValidierung_x002f_Kommentieru\",\"capabilities\":{\"searchable\":true,\"requiresSearch\":false}}},\"IFRSLLP\":{\"lookupEndpoint\":{\"path\":\"/tables/36c7d67b-bf83-4326-96e2-31c5c9377eaa/entities/IFRSLLP\",\"capabilities\":{\"searchable\":true,\"requiresSearch\":false}}},\"HGBLLP\":{\"lookupEndpoint\":{\"path\":\"/tables/36c7d67b-bf83-4326-96e2-31c5c9377eaa/entities/HGBLLP\",\"capabilities\":{\"searchable\":true,\"requiresSearch\":false}}},\"RelatedParties\":{\"lookupEndpoint\":{\"path\":\"/tables/36c7d67b-bf83-4326-96e2-31c5c9377eaa/entities/RelatedParties\",\"capabilities\":{\"searchable\":true,\"requiresSearch\":false}}},\"Vorzeichen\":{\"lookupEndpoint\":{\"path\":\"/tables/36c7d67b-bf83-4326-96e2-31c5c9377eaa/entities/Vorzeichen\",\"capabilities\":{\"searchable\":true,\"requiresSearch\":false}}},\"Author\":{\"lookupEndpoint\":{\"path\":\"/tables/36c7d67b-bf83-4326-96e2-31c5c9377eaa/entities/Author\",\"capabilities\":{\"searchable\":true,\"requiresSearch\":false}}},\"Editor\":{\"lookupEndpoint\":{\"path\":\"/tables/36c7d67b-bf83-4326-96e2-31c5c9377eaa/entities/Editor\",\"capabilities\":{\"searchable\":true,\"requiresSearch\":false}}},\"4651e8f2-38c9-4ad0-8def-41f743f76f30\":{\"lookupEndpoint\":{\"path\":\"/tables/36c7d67b-bf83-4326-96e2-31c5c9377eaa/entities/%257bContentType%257d\",\"capabilities\":{\"searchable\":true,\"requiresSearch\":false}}}},\"webUrl\":\"https://commerzbank.sharepoint.com/sites/FRBT1FinancialStatements/Lists/LE Checkliste/AllItems.aspx\"}"
      },
      "ConnectedDataSourceInfoNameMapping": {
        "{Attachments}": "Anlagen",
        "FLASHFinalisierung": "FLASH Finalisierung",
        "HGBLvl1Finalisierung": "HGB Lvl 1 Finalisierung",
        "HGBValidierung_x002f_Kommentieru": "HGB Validierung/Kommentierung",
        "Lvl2Finalisierung": "IFRS Lvl 2 Finalisierung",
        "{Identifier}": "Bezeichner",
        "{Name}": "Name",
        "ECCS_x0020_ID_x003a__x0020_Entit#Id": "ECCS ID: Entity Name Id",
        "Vorzeichen#Id": "Vorzeichen Id",
        "RelatedParties#Id": "Related Parties Id",
        "Author#Claims": "Erstellt von Claims",
        "{FilenameWithExtension}": "Dateiname mit Erweiterung",
        "FLASHValidierung_x002f_Kommentie": "FLASH Validierung/Kommentierung",
        "{TriggerWindowStartToken}": "Token für Start des Zeitfensters auslösen",
        "{Path}": "Ordnerpfad",
        "OData__x0031__x002e__x00dc_berleitung#Id": "1. Überleitung Id",
        "ECCS_ID": "ECCS ID",
        "HGBLLP#Id": "HGB LLP Id",
        "FV4b5#Id": "FV 4b5 Id",
        "Title": "Titel",
        "Editor": "Geändert von",
        "FinRep": "FinRep",
        "{Attachments}@odata.type": "{Attachments} ({Attachments}@odata.type)",
        "{IsFolder}": "IstOrdner",
        "FV4b5": "FV 4b5",
        "{TriggerWindowEndToken}": "Token für Ende des Zeitfensters auslösen",
        "Modified": "Geändert",
        "ECCS_x0020_ID_x003a__x0020_Entit": "ECCS ID: Entity Name",
        "RelatedParties": "Related Parties",
        "{ModerationStatus}": "Inhaltsgenehmigungsstatus",
        "{ContentType}#Id": "Inhaltstyp Id",
        "ECCS_x0020_ID_x003a__x0020_SPOT_": "ECCS ID: SPOT ID",
        "{HasAttachments}": "Hat Anlagen",
        "ECCS_x0020_ID_x003a__x0020_SPOT_#Id": "ECCS ID: SPOT ID Id",
        "IFRSValidierung_x002f_Kommentier#Id": "IFRS Validierung/Kommentierung Id",
        "OData__x0032__x002e__x00dc_berleitung#Id": "2. Überleitung Id",
        "Created": "Erstellt",
        "FinRep#Id": "FinRep Id",
        "HGBValidierung_x002f_Kommentieru#Id": "HGB Validierung/Kommentierung Id",
        "{ContentType}": "Inhaltstyp",
        "{FullPath}": "Vollständiger Pfad",
        "OData__x0032__x002e__x00dc_berleitung": "2. Überleitung",
        "OData__ColorTag": "Farbkennzeichnung",
        "Editor#Claims": "Geändert von Claims",
        "FLASHValidierung_x002f_Kommentie#Id": "FLASH Validierung/Kommentierung Id",
        "Periode": "Periode",
        "ComplianceAssetId": "Complianceobjekt-ID",
        "IFRSLLP#Id": "IFRS LLP Id",
        "ECCS_ID#Id": "ECCS ID Id",
        "HGBLLP": "HGB LLP",
        "{ModerationComment}": "Die der Inhaltsgenehmigung dieses Listenelements zugeordnete Kommentare.",
        "{VersionNumber}": "Versionsnummer",
        "ID": "ID",
        "{Thumbnail}": "Thumbnail",
        "{Link}": "Link zu Element",
        "OData__x0031__x002e__x00dc_berleitung": "1. Überleitung",
        "Author": "Erstellt von",
        "IFRSValidierung_x002f_Kommentier": "IFRS Validierung/Kommentierung",
        "IFRSLLP": "IFRS LLP",
        "Lvl1Finalisierung": "IFRS Lvl 1 Finalisierung",
        "Vorzeichen": "Vorzeichen"
      }
    },
    {
      "Name": "Gesellschaftsliste",
      "IsSampleData": false,
      "IsWritable": true,
      "Type": "ConnectedDataSourceInfo",
      "DatasetName": "https://commerzbank.sharepoint.com/sites/FRBT1FinancialStatements",
      "TableName": "d6c713de-64d0-4c7a-94a1-c7ea176718f0",
      "ApiId": "/providers/microsoft.powerapps/apis/shared_sharepointonline",
      "EncodeDataset": true,
      "CdpRevision": {
        "RevisionNumber": 1,
        "BaseUrl": "/",
        "LastChangedTimeString": "2025-10-08T16:44:37.4540000Z"
      },
      "DataEntityMetadataJson": {
        "d6c713de-64d0-4c7a-94a1-c7ea176718f0": "{\"name\":\"d6c713de-64d0-4c7a-94a1-c7ea176718f0\",\"title\":\"Gesellschaftsliste\",\"x-ms-permission\":\"read-write\",\"x-ms-capabilities\":{\"sortRestrictions\":{\"sortable\":true,\"unsortableProperties\":[\"ECCS_x002d_SPOT_x002d_Name\",\"{Identifier}\",\"{IsFolder}\",\"{Thumbnail}\",\"{Link}\",\"{Name}\",\"{FilenameWithExtension}\",\"{Path}\",\"{FullPath}\",\"{ModerationStatus}\",\"{ModerationComment}\",\"{ContentType}\",\"{HasAttachments}\",\"{Attachments}\",\"{VersionNumber}\",\"{TriggerWindowStartToken}\",\"{TriggerWindowEndToken}\"]},\"filterRestrictions\":{\"filterable\":true,\"nonFilterableProperties\":[\"ECCS_x002d_SPOT_x002d_Name\",\"{Identifier}\",\"{IsFolder}\",\"{Thumbnail}\",\"{Link}\",\"{Name}\",\"{FilenameWithExtension}\",\"{Path}\",\"{FullPath}\",\"{ModerationStatus}\",\"{ModerationComment}\",\"{ContentType}\",\"{HasAttachments}\",\"{Attachments}\",\"{VersionNumber}\",\"{TriggerWindowStartToken}\",\"{TriggerWindowEndToken}\"]},\"isOnlyServerPagable\":true,\"filterFunctionSupport\":[\"and\",\"or\",\"eq\",\"startswith\",\"gt\",\"ge\",\"lt\",\"le\",\"ne\"],\"serverPagingOptions\":[\"top\",\"skiptoken\"],\"odataVersion\":3},\"schema\":{\"type\":\"array\",\"items\":{\"type\":\"object\",\"required\":[],\"properties\":{\"ID\":{\"title\":\"ID\",\"description\":\"Listenelement-ID. Verwenden Sie diesen Wert, um das Element anzugeben, das in anderen listenbezogenen Aktionen bearbeitet werden soll.\",\"type\":\"integer\",\"format\":\"int64\",\"x-ms-keyType\":\"primary\",\"x-ms-keyOrder\":1,\"x-ms-permission\":\"read-only\",\"x-ms-sort\":\"asc,desc\",\"x-ms-capabilities\":{\"filterFunctions\":[\"eq\"]}},\"Title\":{\"title\":\"Title\",\"type\":\"string\",\"x-ms-permission\":\"read-write\",\"x-ms-sort\":\"asc,desc\",\"x-ms-capabilities\":{\"filterFunctions\":[\"eq\",\"startswith\"]},\"maxLength\":255},\"field_1\":{\"title\":\"SPOT ID\",\"type\":\"number\",\"format\":\"double\",\"x-ms-permission\":\"read-write\",\"x-ms-sort\":\"asc,desc\",\"x-ms-capabilities\":{\"filterFunctions\":[\"eq\",\"gt\",\"ge\",\"lt\",\"le\",\"ne\"]},\"maximum\":1.7976931348623157e+308,\"minimum\":-1.7976931348623157e+308},\"field_2\":{\"title\":\"Entity Name\",\"type\":\"string\",\"x-ms-permission\":\"read-write\",\"x-ms-sort\":\"asc,desc\",\"x-ms-capabilities\":{\"filterFunctions\":[\"eq\",\"startswith\"]},\"maxLength\":255},\"LEBetreuung#Claims\":{\"title\":\"LE Contact Claims\",\"type\":\"string\",\"x-ms-permission\":\"read-only\",\"x-ms-visibility\":\"internal\"},\"LEBetreuung\":{\"title\":\"LE Contact\",\"type\":\"object\",\"x-ms-permission\":\"read-write\",\"x-ms-sort\":\"asc,desc\",\"x-ms-capabilities\":{\"filterFunctions\":[\"eq\"]},\"properties\":{\"@odata.type\":{\"title\":\"@odata.type\",\"x-ms-visibility\":\"internal\",\"type\":\"string\",\"x-ms-permission\":\"read-write\"},\"Claims\":{\"title\":\"Claims\",\"type\":\"string\",\"x-ms-dynamic-values\":{\"operationId\":\"GetEntityValues\",\"parameters\":{\"dataset\":{\"parameter\":\"dataset\"},\"table\":{\"parameter\":\"table\"},\"id\":\"95842bf6-f4c2-44e7-b832-8c9a5a16c500\"},\"value-path\":\"Claims\",\"value-title\":\"DisplayName\",\"value-collection\":\"value\"}},\"DisplayName\":{\"title\":\"DisplayName\",\"type\":\"string\",\"x-ms-permission\":\"read-only\",\"x-ms-capabilities\":{\"x-ms-sp\":{\"OdataQueryName\":\"Title\"},\"filterFunctions\":[\"eq\",\"startswith\"]}},\"Email\":{\"title\":\"Email\",\"type\":\"string\",\"format\":\"email\",\"x-ms-permission\":\"read-only\",\"x-ms-capabilities\":{\"x-ms-sp\":{\"OdataQueryName\":\"EMail\"},\"filterFunctions\":[\"eq\",\"startswith\"]}},\"Picture\":{\"title\":\"Picture\",\"type\":\"string\",\"format\":\"uri\",\"x-ms-media-kind\":\"image\",\"x-ms-media-default-folder-path\":\"/sites/FRBT1FinancialStatements\",\"x-ms-media-base-url\":\"https://commerzbank.sharepoint.com/sites/FRBT1FinancialStatements\",\"x-ms-permission\":\"read-only\"},\"Department\":{\"title\":\"Department\",\"type\":\"string\",\"x-ms-permission\":\"read-only\"},\"JobTitle\":{\"title\":\"JobTitle\",\"type\":\"string\",\"x-ms-permission\":\"read-only\"}},\"x-ms-displayFormat\":{\"titleProperty\":\"DisplayName\",\"subtitleProperty\":\"Email\",\"thumbnailProperty\":\"Picture\"}},\"LEBackup2#Claims\":{\"title\":\"LE Backup Claims\",\"type\":\"string\",\"x-ms-permission\":\"read-only\",\"x-ms-visibility\":\"internal\"},\"LEBackup2\":{\"title\":\"LE Backup\",\"type\":\"object\",\"x-ms-permission\":\"read-write\",\"x-ms-sort\":\"asc,desc\",\"x-ms-capabilities\":{\"filterFunctions\":[\"eq\"]},\"properties\":{\"@odata.type\":{\"title\":\"@odata.type\",\"x-ms-visibility\":\"internal\",\"type\":\"string\",\"x-ms-permission\":\"read-write\"},\"Claims\":{\"title\":\"Claims\",\"type\":\"string\",\"x-ms-dynamic-values\":{\"operationId\":\"GetEntityValues\",\"parameters\":{\"dataset\":{\"parameter\":\"dataset\"},\"table\":{\"parameter\":\"table\"},\"id\":\"824005d9-7b23-4436-9950-d252332bc9c9\"},\"value-path\":\"Claims\",\"value-title\":\"DisplayName\",\"value-collection\":\"value\"}},\"DisplayName\":{\"title\":\"DisplayName\",\"type\":\"string\",\"x-ms-permission\":\"read-only\",\"x-ms-capabilities\":{\"x-ms-sp\":{\"OdataQueryName\":\"Title\"},\"filterFunctions\":[\"eq\",\"startswith\"]}},\"Email\":{\"title\":\"Email\",\"type\":\"string\",\"format\":\"email\",\"x-ms-permission\":\"read-only\",\"x-ms-capabilities\":{\"x-ms-sp\":{\"OdataQueryName\":\"EMail\"},\"filterFunctions\":[\"eq\",\"startswith\"]}},\"Picture\":{\"title\":\"Picture\",\"type\":\"string\",\"format\":\"uri\",\"x-ms-media-kind\":\"image\",\"x-ms-media-default-folder-path\":\"/sites/FRBT1FinancialStatements\",\"x-ms-media-base-url\":\"https://commerzbank.sharepoint.com/sites/FRBT1FinancialStatements\",\"x-ms-permission\":\"read-only\"},\"Department\":{\"title\":\"Department\",\"type\":\"string\",\"x-ms-permission\":\"read-only\"},\"JobTitle\":{\"title\":\"JobTitle\",\"type\":\"string\",\"x-ms-permission\":\"read-only\"}},\"x-ms-displayFormat\":{\"titleProperty\":\"DisplayName\",\"subtitleProperty\":\"Email\",\"thumbnailProperty\":\"Picture\"}},\"field_5\":{\"title\":\"Currency\",\"type\":\"string\",\"x-ms-permission\":\"read-write\",\"x-ms-sort\":\"asc,desc\",\"x-ms-capabilities\":{\"filterFunctions\":[\"eq\",\"startswith\"]},\"maxLength\":255},\"field_6\":{\"title\":\"Category\",\"type\":\"number\",\"format\":\"double\",\"x-ms-permission\":\"read-write\",\"x-ms-sort\":\"asc,desc\",\"x-ms-capabilities\":{\"filterFunctions\":[\"eq\",\"gt\",\"ge\",\"lt\",\"le\",\"ne\"]},\"default\":1,\"maximum\":2,\"minimum\":1},\"field_7#Id\":{\"title\":\"FLASH-Melder Id\",\"type\":\"integer\",\"format\":\"int64\",\"x-ms-permission\":\"read-only\",\"x-ms-visibility\":\"internal\"},\"field_7\":{\"title\":\"FLASH-Melder\",\"type\":\"object\",\"x-ms-permission\":\"read-write\",\"x-ms-sort\":\"asc,desc\",\"x-ms-capabilities\":{\"x-ms-sp\":{\"IsChoice\":true},\"filterFunctions\":[\"eq\"]},\"properties\":{\"@odata.type\":{\"title\":\"@odata.type\",\"x-ms-visibility\":\"internal\",\"type\":\"string\",\"x-ms-permission\":\"read-write\"},\"Value\":{\"title\":\"Value\",\"type\":\"string\",\"x-ms-dynamic-values\":{\"operationId\":\"GetEntityValues\",\"parameters\":{\"dataset\":{\"parameter\":\"dataset\"},\"table\":{\"parameter\":\"table\"},\"id\":\"71269b01-5fe8-46da-a1e4-e2f4f319e7d6\"},\"value-path\":\"Value\",\"value-title\":\"Value\",\"value-collection\":\"value\"}},\"Id\":{\"title\":\"Id\",\"type\":\"integer\",\"format\":\"int64\",\"x-ms-visibility\":\"internal\",\"x-ms-permission\":\"read-only\"}},\"x-ms-displayFormat\":{\"titleProperty\":\"Value\"}},\"field_8#Id\":{\"title\":\"SPOT-Upload Id\",\"type\":\"integer\",\"format\":\"int64\",\"x-ms-permission\":\"read-only\",\"x-ms-visibility\":\"internal\"},\"field_8\":{\"title\":\"SPOT-Upload\",\"type\":\"object\",\"x-ms-permission\":\"read-write\",\"x-ms-sort\":\"asc,desc\",\"x-ms-capabilities\":{\"x-ms-sp\":{\"IsChoice\":true},\"filterFunctions\":[\"eq\"]},\"properties\":{\"@odata.type\":{\"title\":\"@odata.type\",\"x-ms-visibility\":\"internal\",\"type\":\"string\",\"x-ms-permission\":\"read-write\"},\"Value\":{\"title\":\"Value\",\"type\":\"string\",\"x-ms-dynamic-values\":{\"operationId\":\"GetEntityValues\",\"parameters\":{\"dataset\":{\"parameter\":\"dataset\"},\"table\":{\"parameter\":\"table\"},\"id\":\"d21193dc-ed8e-4f64-a697-41d1b58a31fe\"},\"value-path\":\"Value\",\"value-title\":\"Value\",\"value-collection\":\"value\"}},\"Id\":{\"title\":\"Id\",\"type\":\"integer\",\"format\":\"int64\",\"x-ms-visibility\":\"internal\",\"x-ms-permission\":\"read-only\"}},\"x-ms-displayFormat\":{\"titleProperty\":\"Value\"}},\"field_9#Id\":{\"title\":\"HC Id\",\"type\":\"integer\",\"format\":\"int64\",\"x-ms-permission\":\"read-only\",\"x-ms-visibility\":\"internal\"},\"field_9\":{\"title\":\"HC\",\"type\":\"object\",\"x-ms-permission\":\"read-write\",\"x-ms-sort\":\"asc,desc\",\"x-ms-capabilities\":{\"x-ms-sp\":{\"IsChoice\":true},\"filterFunctions\":[\"eq\"]},\"properties\":{\"@odata.type\":{\"title\":\"@odata.type\",\"x-ms-visibility\":\"internal\",\"type\":\"string\",\"x-ms-permission\":\"read-write\"},\"Value\":{\"title\":\"Value\",\"type\":\"string\",\"x-ms-dynamic-values\":{\"operationId\":\"GetEntityValues\",\"parameters\":{\"dataset\":{\"parameter\":\"dataset\"},\"table\":{\"parameter\":\"table\"},\"id\":\"960a21b2-b2b0-4597-97a0-546c428c15da\"},\"value-path\":\"Value\",\"value-title\":\"Value\",\"value-collection\":\"value\"}},\"Id\":{\"title\":\"Id\",\"type\":\"integer\",\"format\":\"int64\",\"x-ms-visibility\":\"internal\",\"x-ms-permission\":\"read-only\"}},\"x-ms-displayFormat\":{\"titleProperty\":\"Value\"}},\"ECCS_x002d_SPOT_x002d_Name\":{\"title\":\"ECCS-SPOT-Name\",\"type\":\"string\",\"x-ms-permission\":\"read-only\",\"x-ms-sort\":\"none\"},\"LEKontaktText\":{\"title\":\"LE Kontakt Text\",\"type\":\"string\",\"x-ms-permission\":\"read-write\",\"x-ms-sort\":\"asc,desc\",\"x-ms-capabilities\":{\"filterFunctions\":[\"eq\",\"startswith\"]},\"maxLength\":255},\"OData__ColorTag\":{\"title\":\"Farbkennzeichnung\",\"type\":\"string\",\"x-ms-permission\":\"read-only\",\"x-ms-sort\":\"asc,desc\",\"x-ms-capabilities\":{\"filterFunctions\":[\"eq\",\"startswith\"]},\"maxLength\":255},\"ComplianceAssetId\":{\"title\":\"Complianceobjekt-ID\",\"type\":\"string\",\"x-ms-permission\":\"read-only\",\"x-ms-sort\":\"asc,desc\",\"x-ms-capabilities\":{\"filterFunctions\":[\"eq\",\"startswith\"]},\"maxLength\":255},\"Modified\":{\"title\":\"Geändert\",\"description\":\"Wann dieses Element zuletzt geändert wurde.\",\"type\":\"string\",\"format\":\"date-time\",\"x-ms-permission\":\"read-only\",\"x-ms-sort\":\"asc,desc\",\"x-ms-capabilities\":{\"filterFunctions\":[\"eq\",\"gt\",\"ge\",\"lt\",\"le\",\"ne\"]}},\"Created\":{\"title\":\"Erstellt\",\"description\":\"Wann dieses Element erstellt wurde.\",\"type\":\"string\",\"format\":\"date-time\",\"x-ms-permission\":\"read-only\",\"x-ms-sort\":\"asc,desc\",\"x-ms-capabilities\":{\"filterFunctions\":[\"eq\",\"gt\",\"ge\",\"lt\",\"le\",\"ne\"]}},\"Author#Claims\":{\"title\":\"Erstellt von Claims\",\"type\":\"string\",\"description\":\"Interner Bezeichner für den Benutzer, der dieses Element erstellt hat.\",\"x-ms-permission\":\"read-only\",\"x-ms-visibility\":\"internal\"},\"Author\":{\"title\":\"Erstellt von\",\"description\":\"Der Benutzer, der dieses Element erstellt hat.\",\"type\":\"object\",\"x-ms-permission\":\"read-only\",\"x-ms-sort\":\"asc,desc\",\"x-ms-capabilities\":{\"filterFunctions\":[\"eq\"]},\"properties\":{\"@odata.type\":{\"title\":\"@odata.type\",\"x-ms-visibility\":\"internal\",\"type\":\"string\",\"x-ms-permission\":\"read-only\"},\"Claims\":{\"title\":\"Claims\",\"type\":\"string\",\"description\":\"Interner Bezeichner für den Benutzer, der dieses Element erstellt hat.\",\"x-ms-permission\":\"read-only\",\"x-ms-dynamic-values\":{\"operationId\":\"GetEntityValues\",\"parameters\":{\"dataset\":{\"parameter\":\"dataset\"},\"table\":{\"parameter\":\"table\"},\"id\":\"1df5e554-ec7e-46a6-901d-d85a3881cb18\"},\"value-path\":\"Claims\",\"value-title\":\"DisplayName\",\"value-collection\":\"value\"}},\"DisplayName\":{\"title\":\"DisplayName\",\"type\":\"string\",\"description\":\"Der Name des Benutzers, der dieses Element erstellt hat.\",\"x-ms-permission\":\"read-only\",\"x-ms-capabilities\":{\"x-ms-sp\":{\"OdataQueryName\":\"Title\"},\"filterFunctions\":[\"eq\",\"startswith\"]}},\"Email\":{\"title\":\"Email\",\"type\":\"string\",\"description\":\"Die E-Mail-Adresse des Benutzers, der dieses Element erstellt hat.\",\"format\":\"email\",\"x-ms-permission\":\"read-only\",\"x-ms-capabilities\":{\"x-ms-sp\":{\"OdataQueryName\":\"EMail\"},\"filterFunctions\":[\"eq\",\"startswith\"]}},\"Picture\":{\"title\":\"Picture\",\"type\":\"string\",\"description\":\"Link zu einem Bild des Benutzers, der dieses Element erstellt hat.\",\"format\":\"uri\",\"x-ms-media-kind\":\"image\",\"x-ms-media-default-folder-path\":\"/sites/FRBT1FinancialStatements\",\"x-ms-media-base-url\":\"https://commerzbank.sharepoint.com/sites/FRBT1FinancialStatements\",\"x-ms-permission\":\"read-only\"},\"Department\":{\"title\":\"Department\",\"type\":\"string\",\"description\":\"Der Abteilungsname des Benutzers, der dieses Element erstellt hat.\",\"x-ms-permission\":\"read-only\"},\"JobTitle\":{\"title\":\"JobTitle\",\"type\":\"string\",\"description\":\"Die berufliche Position des Benutzers, der dieses Element erstellt hat.\",\"x-ms-permission\":\"read-only\"}},\"x-ms-displayFormat\":{\"titleProperty\":\"DisplayName\",\"subtitleProperty\":\"Email\",\"thumbnailProperty\":\"Picture\"}},\"Editor#Claims\":{\"title\":\"Geändert von Claims\",\"type\":\"string\",\"description\":\"Interner Bezeichner für den Benutzer, der dieses Element zuletzt geändert hat.\",\"x-ms-permission\":\"read-only\",\"x-ms-visibility\":\"internal\"},\"Editor\":{\"title\":\"Geändert von\",\"description\":\"Der Benutzer, der dieses Element zuletzt geändert hat.\",\"type\":\"object\",\"x-ms-permission\":\"read-only\",\"x-ms-sort\":\"asc,desc\",\"x-ms-capabilities\":{\"filterFunctions\":[\"eq\"]},\"properties\":{\"@odata.type\":{\"title\":\"@odata.type\",\"x-ms-visibility\":\"internal\",\"type\":\"string\",\"x-ms-permission\":\"read-only\"},\"Claims\":{\"title\":\"Claims\",\"type\":\"string\",\"description\":\"Interner Bezeichner für den Benutzer, der dieses Element zuletzt geändert hat.\",\"x-ms-permission\":\"read-only\",\"x-ms-dynamic-values\":{\"operationId\":\"GetEntityValues\",\"parameters\":{\"dataset\":{\"parameter\":\"dataset\"},\"table\":{\"parameter\":\"table\"},\"id\":\"d31655d1-1d5b-4511-95a1-7a09e9b75bf2\"},\"value-path\":\"Claims\",\"value-title\":\"DisplayName\",\"value-collection\":\"value\"}},\"DisplayName\":{\"title\":\"DisplayName\",\"type\":\"string\",\"description\":\"Der Name des Benutzers, der dieses Element zuletzt geändert hat.\",\"x-ms-permission\":\"read-only\",\"x-ms-capabilities\":{\"x-ms-sp\":{\"OdataQueryName\":\"Title\"},\"filterFunctions\":[\"eq\",\"startswith\"]}},\"Email\":{\"title\":\"Email\",\"type\":\"string\",\"description\":\"Die E-Mail-Adresse des Benutzers, der dieses Element zuletzt geändert hat.\",\"format\":\"email\",\"x-ms-permission\":\"read-only\",\"x-ms-capabilities\":{\"x-ms-sp\":{\"OdataQueryName\":\"EMail\"},\"filterFunctions\":[\"eq\",\"startswith\"]}},\"Picture\":{\"title\":\"Picture\",\"type\":\"string\",\"description\":\"Link zu einem Bild des Benutzers, der dieses Element zuletzt geändert hat.\",\"format\":\"uri\",\"x-ms-media-kind\":\"image\",\"x-ms-media-default-folder-path\":\"/sites/FRBT1FinancialStatements\",\"x-ms-media-base-url\":\"https://commerzbank.sharepoint.com/sites/FRBT1FinancialStatements\",\"x-ms-permission\":\"read-only\"},\"Department\":{\"title\":\"Department\",\"type\":\"string\",\"description\":\"Der Abteilungsname des Benutzers, der dieses Element zuletzt geändert hat.\",\"x-ms-permission\":\"read-only\"},\"JobTitle\":{\"title\":\"JobTitle\",\"type\":\"string\",\"description\":\"Berufliche Position des Benutzers, der dieses Element zuletzt geändert hat.\",\"x-ms-permission\":\"read-only\"}},\"x-ms-displayFormat\":{\"titleProperty\":\"DisplayName\",\"subtitleProperty\":\"Email\",\"thumbnailProperty\":\"Picture\"}},\"{Identifier}\":{\"title\":\"Bezeichner\",\"description\":\"Der Wert, der bei dateibezogenen Aktionen zum Auswählen einer Datei verwendet werden kann.\",\"type\":\"string\",\"x-ms-permission\":\"read-only\",\"x-ms-sort\":\"none\"},\"{IsFolder}\":{\"title\":\"IstOrdner\",\"description\":\"Wahr, wenn das Element in einem Ordner ist, andernfalls falsch.\",\"type\":\"boolean\",\"x-ms-permission\":\"read-only\",\"x-ms-sort\":\"none\"},\"{Thumbnail}\":{\"title\":\"Thumbnail\",\"description\":\"URL to the thumbnails of the item in 3 different sizes, if available.\",\"type\":\"object\",\"x-ms-permission\":\"read-only\",\"x-ms-sort\":\"none\",\"properties\":{\"@odata.type\":{\"title\":\"@odata.type\",\"x-ms-visibility\":\"internal\",\"type\":\"string\",\"x-ms-permission\":\"read-only\"},\"Small\":{\"title\":\"Small\",\"type\":\"string\",\"description\":\"URL zur kleinen, stark komprimierten Miniaturansicht des Elements, sofern verfügbar.\",\"x-ms-permission\":\"read-only\"},\"Medium\":{\"title\":\"Medium\",\"type\":\"string\",\"description\":\"URL zur Miniaturansicht des Elements in Standardgröße, sofern verfügbar.\",\"x-ms-permission\":\"read-only\"},\"Large\":{\"title\":\"Large\",\"type\":\"string\",\"description\":\"URL zur größten Miniaturansicht des Elements, sofern verfügbar.\",\"x-ms-permission\":\"read-only\"}}},\"{Link}\":{\"title\":\"Link zu Element\",\"description\":\"Ein Link, der verwendet werden kann, um zu der Datei oder dem Listenelement zu gelangen. Nur Personen mit Berechtigungen für das Element können den Link öffnen.\",\"type\":\"string\",\"x-ms-permission\":\"read-only\",\"x-ms-sort\":\"none\"},\"{Name}\":{\"title\":\"Name\",\"description\":\"Der Dateiname des Elements in Dokumentbibliotheken, der Anzeigename des Elements in Listen.\",\"type\":\"string\",\"x-ms-permission\":\"read-only\",\"x-ms-sort\":\"none\"},\"{FilenameWithExtension}\":{\"title\":\"Dateiname mit Erweiterung\",\"description\":\"Gibt bei Bibliotheken den Dateinamen mit Erweiterung zurück. Gibt bei Listen die \\\"Title\\\"-Eigenschaft zurück.\",\"type\":\"string\",\"x-ms-permission\":\"read-only\",\"x-ms-sort\":\"none\"},\"{Path}\":{\"title\":\"Ordnerpfad\",\"description\":\"Der Pfad zu dem Ordner, indem sich das Element befindet, relativ zur Siteadresse.\",\"type\":\"string\",\"x-ms-permission\":\"read-only\",\"x-ms-sort\":\"none\"},\"{FullPath}\":{\"title\":\"Vollständiger Pfad\",\"description\":\"Vollständiger Pfad eines Elements, Ordners oder einer Datei.\",\"type\":\"string\",\"x-ms-permission\":\"read-only\",\"x-ms-sort\":\"none\"},\"{ModerationStatus}\":{\"title\":\"Inhaltsgenehmigungsstatus\",\"description\":\"Der inhaltsgenehmigungsstatus. Es kann eine der folgenden sein: Entwurf, Ausstehend, genehmigt oder abgelehnt\",\"type\":\"string\",\"x-ms-permission\":\"read-only\",\"x-ms-sort\":\"none\"},\"{ModerationComment}\":{\"title\":\"Die der Inhaltsgenehmigung dieses Listenelements zugeordnete Kommentare.\",\"description\":\"Die der Moderation des Listenelements zugeordnete Kommentare.\",\"type\":\"string\",\"x-ms-permission\":\"read-only\",\"x-ms-sort\":\"none\"},\"{ContentType}#Id\":{\"title\":\"Inhaltstyp Id\",\"type\":\"string\",\"x-ms-permission\":\"read-only\",\"x-ms-visibility\":\"internal\"},\"{ContentType}\":{\"title\":\"Inhaltstyp\",\"description\":\"Der Name des Inhaltstyps des Elements.\",\"type\":\"object\",\"x-ms-permission\":\"read-write\",\"x-ms-sort\":\"none\",\"properties\":{\"@odata.type\":{\"title\":\"@odata.type\",\"x-ms-visibility\":\"internal\",\"type\":\"string\",\"x-ms-permission\":\"read-write\"},\"Id\":{\"title\":\"Id\",\"type\":\"string\",\"x-ms-dynamic-values\":{\"operationId\":\"GetEntityValues\",\"parameters\":{\"dataset\":{\"parameter\":\"dataset\"},\"table\":{\"parameter\":\"table\"},\"id\":\"4651e8f2-38c9-4ad0-8def-41f743f76f30\"},\"value-path\":\"Id\",\"value-title\":\"Name\",\"value-collection\":\"value\"}},\"Name\":{\"title\":\"Name\",\"type\":\"string\",\"x-ms-permission\":\"read-only\"}},\"x-ms-displayFormat\":{\"titleProperty\":\"Name\"}},\"{HasAttachments}\":{\"title\":\"Hat Anlagen\",\"description\":\"Zeigt das Vorhandensein von Anlagen in dem Element an.\",\"type\":\"boolean\",\"x-ms-permission\":\"read-only\",\"x-ms-sort\":\"none\"},\"{Attachments}@odata.type\":{\"title\":\"{Attachments}\",\"type\":\"string\",\"x-ms-visibility\":\"internal\",\"x-ms-permission\":\"read-write\"},\"{Attachments}\":{\"title\":\"Anlagen\",\"description\":\"Gibt nie Daten zurück. Verwenden Sie Anlagenendpunkte, um auf Elementanlagen zuzugreifen.\",\"x-ms-permission\":\"read-write\",\"targetEntity\":\"attachments\",\"format\":\"x-ms-containedMediaEntity\",\"x-ms-visibility\":\"internal\",\"type\":\"array\",\"items\":{\"type\":\"object\",\"format\":\"x-ms-mediaEntity\",\"x-ms-sort\":\"none\",\"properties\":{\"@odata.type\":{\"title\":\"@odata.type\",\"x-ms-visibility\":\"internal\",\"type\":\"string\",\"x-ms-permission\":\"read-write\"},\"Id\":{\"title\":\"Id\",\"type\":\"string\",\"x-ms-keyType\":\"primary\",\"x-ms-keyOrder\":1,\"x-ms-permission\":\"read-only\"},\"AbsoluteUri\":{\"title\":\"AbsoluteUri\",\"type\":\"string\",\"format\":\"uri\",\"x-ms-permission\":\"read-only\"},\"DisplayName\":{\"title\":\"DisplayName\",\"type\":\"string\",\"x-ms-permission\":\"read-only\"}}},\"@odata.type\":\"#Collection(Microsoft.Azure.Connectors.SharePoint.SPListItemAttachment)\"},\"{VersionNumber}\":{\"title\":\"Versionsnummer\",\"description\":\"Die Versionsnummer der Datei oder des Listenelements.\",\"type\":\"string\",\"x-ms-permission\":\"read-only\",\"x-ms-sort\":\"none\"},\"{TriggerWindowStartToken}\":{\"title\":\"Token für Start des Zeitfensters auslösen\",\"description\":\"Ein Token, das die Zeit der letzten Überprüfung des Datenstroms ausdrückt. Verwenden Sie diese Option, wenn Sie überprüfen möchten, ob mindestens eine Spalte seit der letzten Überprüfung des Datenstroms geändert wurde.\",\"type\":\"string\",\"x-ms-permission\":\"read-only\",\"x-ms-sort\":\"none\"},\"{TriggerWindowEndToken}\":{\"title\":\"Token für Ende des Zeitfensters auslösen\",\"description\":\"Ein Token, das die Zeit des aktuellen Datenstroms überprüft. Verwenden Sie diese Option, wenn Sie überprüfen möchten, ob mindestens eine Spalte seit der letzten Überprüfung des Datenstroms geändert wurde.\",\"type\":\"string\",\"x-ms-permission\":\"read-only\",\"x-ms-sort\":\"none\"}},\"x-ms-relationships\":{\"LEBetreuung\":{\"targetEntity\":\"LEBetreuung\",\"referentialConstraints\":{\"LEBetreuung#Claims\":{\"referencedProperty\":\"Claims\"}}},\"LEBackup2\":{\"targetEntity\":\"LEBackup2\",\"referentialConstraints\":{\"LEBackup2#Claims\":{\"referencedProperty\":\"Claims\"}}},\"field_7\":{\"targetEntity\":\"field_7\",\"referentialConstraints\":{\"field_7#Id\":{\"referencedProperty\":\"Id\"}}},\"field_8\":{\"targetEntity\":\"field_8\",\"referentialConstraints\":{\"field_8#Id\":{\"referencedProperty\":\"Id\"}}},\"field_9\":{\"targetEntity\":\"field_9\",\"referentialConstraints\":{\"field_9#Id\":{\"referencedProperty\":\"Id\"}}},\"Author\":{\"targetEntity\":\"Author\",\"referentialConstraints\":{\"Author#Claims\":{\"referencedProperty\":\"Claims\"}}},\"Editor\":{\"targetEntity\":\"Editor\",\"referentialConstraints\":{\"Editor#Claims\":{\"referencedProperty\":\"Claims\"}}},\"{ContentType}\":{\"targetEntity\":\"4651e8f2-38c9-4ad0-8def-41f743f76f30\",\"referentialConstraints\":{\"{ContentType}#Id\":{\"referencedProperty\":\"Id\"}}}},\"x-ms-displayFormat\":{\"propertiesDisplayOrder\":[\"Title\",\"field_1\",\"field_2\",\"field_5\",\"field_6\",\"field_7\",\"field_8\",\"field_9\",\"LEBetreuung\",\"LEBackup2\",\"ECCS_x002d_SPOT_x002d_Name\",\"LEKontaktText\",\"{Attachments}\"],\"propertiesCompactDisplayOrder\":[\"Title\",\"field_1\",\"field_2\",\"LEBetreuung\",\"LEBackup2\",\"field_5\",\"field_6\",\"field_7\",\"field_8\",\"field_9\",\"ECCS_x002d_SPOT_x002d_Name\",\"LEKontaktText\"],\"propertiesTabularDisplayOrder\":[\"Title\",\"field_1\",\"field_2\",\"LEBetreuung\",\"LEBackup2\",\"field_5\",\"field_6\",\"field_7\",\"field_8\",\"field_9\",\"ECCS_x002d_SPOT_x002d_Name\",\"LEKontaktText\"]}}},\"referencedEntities\":{\"LEBetreuung\":{\"lookupEndpoint\":{\"path\":\"/tables/d6c713de-64d0-4c7a-94a1-c7ea176718f0/entities/LEBetreuung\",\"capabilities\":{\"searchable\":true,\"requiresSearch\":false}}},\"LEBackup2\":{\"lookupEndpoint\":{\"path\":\"/tables/d6c713de-64d0-4c7a-94a1-c7ea176718f0/entities/LEBackup2\",\"capabilities\":{\"searchable\":true,\"requiresSearch\":false}}},\"field_7\":{\"lookupEndpoint\":{\"path\":\"/tables/d6c713de-64d0-4c7a-94a1-c7ea176718f0/entities/field_7\",\"capabilities\":{\"searchable\":true,\"requiresSearch\":false}}},\"field_8\":{\"lookupEndpoint\":{\"path\":\"/tables/d6c713de-64d0-4c7a-94a1-c7ea176718f0/entities/field_8\",\"capabilities\":{\"searchable\":true,\"requiresSearch\":false}}},\"field_9\":{\"lookupEndpoint\":{\"path\":\"/tables/d6c713de-64d0-4c7a-94a1-c7ea176718f0/entities/field_9\",\"capabilities\":{\"searchable\":true,\"requiresSearch\":false}}},\"Author\":{\"lookupEndpoint\":{\"path\":\"/tables/d6c713de-64d0-4c7a-94a1-c7ea176718f0/entities/Author\",\"capabilities\":{\"searchable\":true,\"requiresSearch\":false}}},\"Editor\":{\"lookupEndpoint\":{\"path\":\"/tables/d6c713de-64d0-4c7a-94a1-c7ea176718f0/entities/Editor\",\"capabilities\":{\"searchable\":true,\"requiresSearch\":false}}},\"4651e8f2-38c9-4ad0-8def-41f743f76f30\":{\"lookupEndpoint\":{\"path\":\"/tables/d6c713de-64d0-4c7a-94a1-c7ea176718f0/entities/%257bContentType%257d\",\"capabilities\":{\"searchable\":true,\"requiresSearch\":false}}}},\"webUrl\":\"https://commerzbank.sharepoint.com/sites/FRBT1FinancialStatements/Lists/Gesellschaftsliste/AllItems.aspx\"}"
      },
      "ConnectedDataSourceInfoNameMapping": {
        "field_7#Id": "FLASH-Melder Id",
        "{ContentType}#Id": "Inhaltstyp Id",
        "{ModerationStatus}": "Inhaltsgenehmigungsstatus",
        "LEBetreuung": "LE Contact",
        "{Attachments}@odata.type": "{Attachments} ({Attachments}@odata.type)",
        "{TriggerWindowStartToken}": "Token für Start des Zeitfensters auslösen",
        "LEBackup2#Claims": "LE Backup Claims",
        "Author#Claims": "Erstellt von Claims",
        "{Thumbnail}": "Thumbnail",
        "Created": "Erstellt",
        "field_9": "HC",
        "field_8": "SPOT-Upload",
        "Author": "Erstellt von",
        "LEBackup2": "LE Backup",
        "{Path}": "Ordnerpfad",
        "OData__ColorTag": "Farbkennzeichnung",
        "{ContentType}": "Inhaltstyp",
        "LEKontaktText": "LE Kontakt Text",
        "{IsFolder}": "IstOrdner",
        "{ModerationComment}": "Die der Inhaltsgenehmigung dieses Listenelements zugeordnete Kommentare.",
        "field_6": "Category",
        "{Link}": "Link zu Element",
        "{Identifier}": "Bezeichner",
        "{VersionNumber}": "Versionsnummer",
        "{FilenameWithExtension}": "Dateiname mit Erweiterung",
        "Modified": "Geändert",
        "field_1": "SPOT ID",
        "{Name}": "Name",
        "field_5": "Currency",
        "Title": "Title",
        "Editor": "Geändert von",
        "{FullPath}": "Vollständiger Pfad",
        "{Attachments}": "Anlagen",
        "field_9#Id": "HC Id",
        "ComplianceAssetId": "Complianceobjekt-ID",
        "ECCS_x002d_SPOT_x002d_Name": "ECCS-SPOT-Name",
        "field_2": "Entity Name",
        "ID": "ID",
        "{HasAttachments}": "Hat Anlagen",
        "{TriggerWindowEndToken}": "Token für Ende des Zeitfensters auslösen",
        "Editor#Claims": "Geändert von Claims",
        "LEBetreuung#Claims": "LE Contact Claims",
        "field_7": "FLASH-Melder",
        "field_8#Id": "SPOT-Upload Id"
      }
    },
    {
      "Name": "ListboxSample",
      "Schema": "*[Value:s]",
      "IsSampleData": true,
      "IsWritable": false,
      "Type": "StaticDataSourceInfo",
      "OriginalSchema": "*[Value:s]",
      "Data": "[{\"Value\":\"1\"},{\"Value\":\"2\"},{\"Value\":\"3\"}]",
      "OriginalName": "ListboxSample",
      "OrderedColumnNames": [
        "Value"
      ]
    },
    {
      "Name": "Tabelle2",
      "IsSampleData": false,
      "IsWritable": true,
      "Type": "ConnectedDataSourceInfo",
      "DatasetName": "groups%252F10c7d653-6da9-4985-a041-3d09206b2068,b%2521HtaQk_NQuki568-cvWJXam09QkfUe0dLoJqQIZd5gydfztR1ah6QTIRj2GnxrOa8,01PYCOU5MGAT7QM4XTEZB24NGKFQSJS6UE",
      "TableName": "{9EE17AFB-CEED-46BD-9955-4824E879CB7E}",
      "ApiId": "/providers/microsoft.powerapps/apis/shared_excelonlinebusiness",
      "EncodeDataset": false,
      "PkColumnName": "Ident",
      "PkColumnIsAutoGenerated": false,
      "CdpRevision": {
        "RevisionNumber": 2,
        "BaseUrl": "/v2",
        "LastChangedTimeString": "2025-10-15T04:00:52.9290000Z"
      },
      "DataEntityMetadataJson": {
        "{9EE17AFB-CEED-46BD-9955-4824E879CB7E}": "{\"name\":\"{9EE17AFB-CEED-46BD-9955-4824E879CB7E}\",\"title\":\"Tabelle2\",\"x-ms-permission\":\"read-write\",\"x-ms-capabilities\":{\"sortRestrictions\":{\"sortable\":true},\"filterRestrictions\":{\"filterable\":true},\"filterFunctionSupport\":[\"eq\",\"ne\",\"substringof\",\"contains\",\"startswith\",\"endswith\"]},\"schema\":{\"type\":\"array\",\"items\":{\"type\":\"object\",\"properties\":{\"Validierungsdaten_ID\":{\"type\":\"string\",\"title\":\"Validierungsdaten_ID\",\"x-ms-sort\":\"none\",\"x-ms-capabilities\":{\"filterFunctions\":[\"eq\",\"ne\",\"substringof\",\"contains\",\"startswith\",\"endswith\"]},\"x-ms-permission\":\"read-write\"},\"Validierungstyp\":{\"type\":\"string\",\"title\":\"Validierungstyp\",\"x-ms-sort\":\"none\",\"x-ms-capabilities\":{\"filterFunctions\":[\"eq\",\"ne\",\"substringof\",\"contains\",\"startswith\",\"endswith\"]},\"x-ms-permission\":\"read-write\"},\"Entity ID\":{\"type\":\"string\",\"title\":\"Entity ID\",\"x-ms-sort\":\"none\",\"x-ms-capabilities\":{\"filterFunctions\":[\"eq\",\"ne\",\"substringof\",\"contains\",\"startswith\",\"endswith\"]},\"x-ms-permission\":\"read-write\"},\"Periode\":{\"type\":\"string\",\"title\":\"Periode\",\"x-ms-sort\":\"none\",\"x-ms-capabilities\":{\"filterFunctions\":[\"eq\",\"ne\",\"substringof\",\"contains\",\"startswith\",\"endswith\"]},\"x-ms-permission\":\"read-write\"},\"Ident\":{\"type\":\"string\",\"title\":\"Ident\",\"x-ms-sort\":\"none\",\"x-ms-capabilities\":{\"filterFunctions\":[\"eq\",\"ne\",\"substringof\",\"contains\",\"startswith\",\"endswith\"]},\"x-ms-permission\":\"read-write\"},\"Attributname\":{\"type\":\"string\",\"title\":\"Attributname\",\"x-ms-sort\":\"none\",\"x-ms-capabilities\":{\"filterFunctions\":[\"eq\",\"ne\",\"substringof\",\"contains\",\"startswith\",\"endswith\"]},\"x-ms-permission\":\"read-write\"},\"Attributwert1\":{\"type\":\"string\",\"title\":\"Attributwert1\",\"x-ms-sort\":\"none\",\"x-ms-capabilities\":{\"filterFunctions\":[\"eq\",\"ne\",\"substringof\",\"contains\",\"startswith\",\"endswith\"]},\"x-ms-permission\":\"read-write\"},\"Attributwert2\":{\"type\":\"string\",\"title\":\"Attributwert2\",\"x-ms-sort\":\"none\",\"x-ms-capabilities\":{\"filterFunctions\":[\"eq\",\"ne\",\"substringof\",\"contains\",\"startswith\",\"endswith\"]},\"x-ms-permission\":\"read-write\"},\"Attributwert3\":{\"type\":\"string\",\"title\":\"Attributwert3\",\"x-ms-sort\":\"none\",\"x-ms-capabilities\":{\"filterFunctions\":[\"eq\",\"ne\",\"substringof\",\"contains\",\"startswith\",\"endswith\"]},\"x-ms-permission\":\"read-write\"},\"Attributwert4\":{\"type\":\"string\",\"title\":\"Attributwert4\",\"x-ms-sort\":\"none\",\"x-ms-capabilities\":{\"filterFunctions\":[\"eq\",\"ne\",\"substringof\",\"contains\",\"startswith\",\"endswith\"]},\"x-ms-permission\":\"read-write\"},\"Attributwert5\":{\"type\":\"string\",\"title\":\"Attributwert5\",\"x-ms-sort\":\"none\",\"x-ms-capabilities\":{\"filterFunctions\":[\"eq\",\"ne\",\"substringof\",\"contains\",\"startswith\",\"endswith\"]},\"x-ms-permission\":\"read-write\"},\"Attributwert6\":{\"type\":\"string\",\"title\":\"Attributwert6\",\"x-ms-sort\":\"none\",\"x-ms-capabilities\":{\"filterFunctions\":[\"eq\",\"ne\",\"substringof\",\"contains\",\"startswith\",\"endswith\"]},\"x-ms-permission\":\"read-write\"},\"Attributwert7\":{\"type\":\"string\",\"title\":\"Attributwert7\",\"x-ms-sort\":\"none\",\"x-ms-capabilities\":{\"filterFunctions\":[\"eq\",\"ne\",\"substringof\",\"contains\",\"startswith\",\"endswith\"]},\"x-ms-permission\":\"read-write\"},\"Attributwert8\":{\"type\":\"string\",\"title\":\"Attributwert8\",\"x-ms-sort\":\"none\",\"x-ms-capabilities\":{\"filterFunctions\":[\"eq\",\"ne\",\"substringof\",\"contains\",\"startswith\",\"endswith\"]},\"x-ms-permission\":\"read-write\"},\"Attributwert9\":{\"type\":\"string\",\"title\":\"Attributwert9\",\"x-ms-sort\":\"none\",\"x-ms-capabilities\":{\"filterFunctions\":[\"eq\",\"ne\",\"substringof\",\"contains\",\"startswith\",\"endswith\"]},\"x-ms-permission\":\"read-write\"},\"Attributwert10\":{\"type\":\"string\",\"title\":\"Attributwert10\",\"x-ms-sort\":\"none\",\"x-ms-capabilities\":{\"filterFunctions\":[\"eq\",\"ne\",\"substringof\",\"contains\",\"startswith\",\"endswith\"]},\"x-ms-permission\":\"read-write\"},\"Attributwert11\":{\"type\":\"string\",\"title\":\"Attributwert11\",\"x-ms-sort\":\"none\",\"x-ms-capabilities\":{\"filterFunctions\":[\"eq\",\"ne\",\"substringof\",\"contains\",\"startswith\",\"endswith\"]},\"x-ms-permission\":\"read-write\"},\"Attributwert12\":{\"type\":\"string\",\"title\":\"Attributwert12\",\"x-ms-sort\":\"none\",\"x-ms-capabilities\":{\"filterFunctions\":[\"eq\",\"ne\",\"substringof\",\"contains\",\"startswith\",\"endswith\"]},\"x-ms-permission\":\"read-write\"}}}}}"
      },
      "ConnectedDataSourceInfoNameMapping": {
        "Ident": "Ident",
        "Attributwert12": "Attributwert12",
        "Attributwert1": "Attributwert1",
        "Attributwert11": "Attributwert11",
        "Entity ID": "Entity ID",
        "Attributname": "Attributname",
        "Attributwert6": "Attributwert6",
        "Attributwert4": "Attributwert4",
        "Attributwert8": "Attributwert8",
        "Attributwert10": "Attributwert10",
        "Attributwert2": "Attributwert2",
        "Validierungstyp": "Validierungstyp",
        "Validierungsdaten_ID": "Validierungsdaten_ID",
        "Attributwert9": "Attributwert9",
        "Periode": "Periode",
        "Attributwert5": "Attributwert5",
        "Attributwert7": "Attributwert7",
        "Attributwert3": "Attributwert3"
      }
    },
    {
      "Name": "Attributnamen",
      "IsSampleData": false,
      "IsWritable": true,
      "Type": "ConnectedDataSourceInfo",
      "DatasetName": "groups%252F10c7d653-6da9-4985-a041-3d09206b2068,b%2521HtaQk_NQuki568-cvWJXam09QkfUe0dLoJqQIZd5gydfztR1ah6QTIRj2GnxrOa8,01PYCOU5NVGWNEWZOHUFHLKMIMXHUJN7J5",
      "TableName": "{4B6808F8-28B5-4E1B-B3B2-10179BAD6600}",
      "ApiId": "/providers/microsoft.powerapps/apis/shared_excelonlinebusiness",
      "EncodeDataset": false,
      "PkColumnName": "__PowerAppsId__",
      "PkColumnIsAutoGenerated": true,
      "CdpRevision": {
        "RevisionNumber": 2,
        "BaseUrl": "/v2",
        "LastChangedTimeString": "2025-10-15T04:00:52.9290000Z"
      },
      "DataEntityMetadataJson": {
        "{4B6808F8-28B5-4E1B-B3B2-10179BAD6600}": "{\"name\":\"{4B6808F8-28B5-4E1B-B3B2-10179BAD6600}\",\"title\":\"Attributnamen\",\"x-ms-permission\":\"read-write\",\"x-ms-capabilities\":{\"sortRestrictions\":{\"sortable\":true},\"filterRestrictions\":{\"filterable\":true},\"filterFunctionSupport\":[\"eq\",\"ne\",\"substringof\",\"contains\",\"startswith\",\"endswith\"]},\"schema\":{\"type\":\"array\",\"items\":{\"type\":\"object\",\"properties\":{\"Validierungstyp\":{\"type\":\"string\",\"title\":\"Validierungstyp\",\"x-ms-sort\":\"none\",\"x-ms-capabilities\":{\"filterFunctions\":[\"eq\",\"ne\",\"substringof\",\"contains\",\"startswith\",\"endswith\"]},\"x-ms-permission\":\"read-write\"},\"Attribut\":{\"type\":\"string\",\"title\":\"Attribut\",\"x-ms-sort\":\"none\",\"x-ms-capabilities\":{\"filterFunctions\":[\"eq\",\"ne\",\"substringof\",\"contains\",\"startswith\",\"endswith\"]},\"x-ms-permission\":\"read-write\"},\"Name\":{\"type\":\"string\",\"title\":\"Name\",\"x-ms-sort\":\"none\",\"x-ms-capabilities\":{\"filterFunctions\":[\"eq\",\"ne\",\"substringof\",\"contains\",\"startswith\",\"endswith\"]},\"x-ms-permission\":\"read-write\"},\"__PowerAppsId__\":{\"type\":\"string\",\"title\":\"__PowerAppsId__\",\"x-ms-sort\":\"none\",\"x-ms-capabilities\":{\"filterFunctions\":[\"eq\",\"ne\",\"substringof\",\"contains\",\"startswith\",\"endswith\"]},\"x-ms-keyOrder\":1,\"x-ms-keyType\":\"primary\",\"x-ms-permission\":\"read-only\"}}}}}"
      },
      "ConnectedDataSourceInfoNameMapping": {
        "Validierungstyp": "Validierungstyp",
        "Name": "Name",
        "Attribut": "Attribut",
        "__PowerAppsId__": "__PowerAppsId__"
      }
    }
  ]
}