{
  "QualifiedValues": [
    {
      "Namespace": "Validierungsdaten (Formulare)",
      "Kind": "default.cds_cr1ae_validierungsdaten_forms",
      "Values": {
        "Informationen": "d2e0ed88-fb52-4132-9d63-bf86ea1620c0"
      }
    },
    {
      "Namespace": "Validierungsattribute (Formulare)",
      "Kind": "default.cds_cr1ae_validierungsattribute_forms",
      "Values": {
        "Informationen": "42f0f091-347f-4f66-93a0-a6c09e61468b"
      }
    },
    {
      "Namespace": "Gesellschaftslistes (Formulare)",
      "Kind": "default.cds_cr1ae_gesellschaftsliste_forms",
      "Values": {
        "Informationen": "8ce73830-f69e-4865-9184-9bfd3fff2308"
      }
    },
    {
      "Namespace": "Attributnamen (Formulare)",
      "Kind": "default.cds_cr1ae_attributnamen_forms",
      "Values": {
        "Informationen": "f7a8e7e9-f0e6-45ab-aa93-f7a0c87cb874"
      }
    }
  ]
}