{
  "Resources": [
    {
      "Name": "SampleImage",
      "Schema": "i",
      "IsSampleData": true,
      "IsWritable": false,
      "Type": "ResourceInfo",
      "FileName": "/ctrllib/image/images/SampleImage.svg",
      "Path": "/ctrllib/image/images/SampleImage.svg",
      "Content": "Image",
      "ResourceKind": "Uri",
      "RootPath": "ms-appx:///ctrllib/image/images/SampleImage.svg"
    },
    {
      "Name": "Commerzbank-Emblem",
      "Schema": "i",
      "IsSampleData": false,
      "IsWritable": false,
      "Type": "ResourceInfo",
      "FileName": "d618d8e4-1c7d-42b6-a97e-c3a8ede3c57e.png",
      "Path": "Assets\\Images\\d618d8e4-1c7d-42b6-a97e-c3a8ede3c57e.png",
      "Content": "Image",
      "ResourceKind": "LocalFile",
      "RootPath": "https://dsprdil107neu.blob.core.windows.net/878c3d4d-1cc4-4120-a9c1-8577b3dd047f-1/resource/ZDYxOGQ4ZTQtMWM3ZC00MmI2LWE5N2UtYzNhOGVkZTNjNTdl.png?skoid=58690ece-ec83-4ce2-9ce8-883d4d6a54ee&sktid=975f013f-7f24-47e8-a7d3-abc4752bf346&skt=2026-01-22T08%3A02%3A54Z&ske=2026-01-23T08%3A17%3A54Z&sks=b&skv=2023-01-03&sv=2023-01-03&spr=https&se=2026-01-23T08%3A17%3A54Z&sr=b&sp=r&sig=xHlk7pkqIG5Er6qLdz%2FU390ONv%2BcH%2F0EeFZnnLIg8%2FI%3D"
    },
    {
      "Name": "1134458195",
      "Schema": "i",
      "IsSampleData": false,
      "IsWritable": false,
      "Type": "ResourceInfo",
      "FileName": "64a0c311-d102-4648-8eb7-e4045d04b1d1.jpg",
      "Path": "Assets\\Images\\64a0c311-d102-4648-8eb7-e4045d04b1d1.jpg",
      "Content": "Image",
      "ResourceKind": "LocalFile",
      "RootPath": "https://dsprdil107neu.blob.core.windows.net/878c3d4d-1cc4-4120-a9c1-8577b3dd047f-1/resource/NjRhMGMzMTEtZDEwMi00NjQ4LThlYjctZTQwNDVkMDRiMWQx.jpg?skoid=58690ece-ec83-4ce2-9ce8-883d4d6a54ee&sktid=975f013f-7f24-47e8-a7d3-abc4752bf346&skt=2026-01-22T08%3A02%3A54Z&ske=2026-01-23T08%3A17%3A54Z&sks=b&skv=2023-01-03&sv=2023-01-03&spr=https&se=2026-01-23T08%3A17%3A54Z&sr=b&sp=r&sig=N1DRbueY2SqbPc8%2BvyI1nYTWQLwp%2BoDlOuBl2faPP80%3D"
    },
    {
      "Name": "144654810",
      "Schema": "i",
      "IsSampleData": false,
      "IsWritable": false,
      "Type": "ResourceInfo",
      "FileName": "455b34a6-7cd1-4edf-aba2-0c61def8580c.jpg",
      "Path": "Assets\\Images\\455b34a6-7cd1-4edf-aba2-0c61def8580c.jpg",
      "Content": "Image",
      "ResourceKind": "LocalFile",
      "RootPath": "https://dsprdil107neu.blob.core.windows.net/878c3d4d-1cc4-4120-a9c1-8577b3dd047f-1/resource/NDU1YjM0YTYtN2NkMS00ZWRmLWFiYTItMGM2MWRlZjg1ODBj.jpg?skoid=58690ece-ec83-4ce2-9ce8-883d4d6a54ee&sktid=975f013f-7f24-47e8-a7d3-abc4752bf346&skt=2026-01-22T08%3A02%3A54Z&ske=2026-01-23T08%3A17%3A54Z&sks=b&skv=2023-01-03&sv=2023-01-03&spr=https&se=2026-01-23T08%3A17%3A54Z&sr=b&sp=r&sig=WtbDbn%2F0n4o4nRKSVorL843YejBcNV1Stu5OJMxKot4%3D"
    },
    {
      "Name": "659276132",
      "Schema": "i",
      "IsSampleData": false,
      "IsWritable": false,
      "Type": "ResourceInfo",
      "FileName": "d213071f-a875-4586-846c-37ad118bb973.jpg",
      "Path": "Assets\\Images\\d213071f-a875-4586-846c-37ad118bb973.jpg",
      "Content": "Image",
      "ResourceKind": "LocalFile",
      "RootPath": "https://dsprdil107neu.blob.core.windows.net/878c3d4d-1cc4-4120-a9c1-8577b3dd047f-1/resource/ZDIxMzA3MWYtYTg3NS00NTg2LTg0NmMtMzdhZDExOGJiOTcz.jpg?skoid=58690ece-ec83-4ce2-9ce8-883d4d6a54ee&sktid=975f013f-7f24-47e8-a7d3-abc4752bf346&skt=2026-01-22T08%3A02%3A54Z&ske=2026-01-23T08%3A17%3A54Z&sks=b&skv=2023-01-03&sv=2023-01-03&spr=https&se=2026-01-23T08%3A17%3A54Z&sr=b&sp=r&sig=0yYDIkQ4vl0XBjDmLPPEPZ5uQp5Cjj3VxZpBsnpzcEI%3D"
    }
  ]
}