{
  "TopParent": {
    "Type": "ControlInfo",
    "Name": "App",
    "Template": {
      "Id": "http://microsoft.com/appmagic/appinfo",
      "Version": "1.0",
      "LastModifiedTimestamp": "0",
      "Name": "appinfo",
      "FirstParty": true,
      "IsPremiumPcfControl": false,
      "IsCustomGroupControlTemplate": false,
      "CustomGroupControlTemplateName": "",
      "IsComponentDefinition": false,
      "OverridableProperties": {}
    },
    "Index": 0,
    "PublishOrderIndex": 0,
    "VariantName": "",
    "LayoutName": "",
    "MetaDataIDKey": "",
    "PersistMetaDataIDKey": false,
    "IsFromScreenLayout": false,
    "StyleName": "",
    "Parent": "",
    "IsDataControl": true,
    "AllowAccessToGlobals": true,
    "OptimizeForDevices": "Off",
    "IsGroupControl": false,
    "IsAutoGenerated": false,
    "Rules": [
      {
        "Property": "ConfirmExit",
        "Category": "Data",
        "InvariantScript": "false",
        "RuleProviderType": "Unknown"
      },
      {
        "Property": "BackEnabled",
        "Category": "Data",
        "InvariantScript": "true",
        "RuleProviderType": "Unknown"
      },
      {
        "Property": "MinScreenHeight",
        "Category": "Design",
        "InvariantScript": "320",
        "RuleProviderType": "Unknown"
      },
      {
        "Property": "MinScreenWidth",
        "Category": "Design",
        "InvariantScript": "320",
        "RuleProviderType": "Unknown"
      },
      {
        "Property": "Theme",
        "Category": "Design",
        "InvariantScript": "PowerAppsTheme",
        "RuleProviderType": "Unknown"
      },
      {
        "Property": "OnStart",
        "Category": "Behavior",
        "InvariantScript": "",
        "RuleProviderType": "User"
      },
      {
        "Property": "SizeBreakpoints",
        "Category": "ConstantData",
        "InvariantScript": "[600, 900, 1200]",
        "RuleProviderType": "Unknown"
      }
    ],
    "ControlPropertyState": [
      "MinScreenHeight",
      "MinScreenWidth",
      "ConfirmExit",
      "SizeBreakpoints",
      "BackEnabled",
      "Theme",
      "OnStart"
    ],
    "IsLocked": false,
    "ControlUniqueId": "1",
    "Children": [
      {
        "Type": "ControlInfo",
        "Name": "Host",
        "HasDynamicProperties": false,
        "Template": {
          "Id": "http://microsoft.com/appmagic/hostcontrol",
          "Version": "1.6.0",
          "LastModifiedTimestamp": "0",
          "Name": "hostControl",
          "FirstParty": true,
          "IsPremiumPcfControl": false,
          "IsCustomGroupControlTemplate": false,
          "CustomGroupControlTemplateName": "",
          "IsComponentDefinition": false,
          "HostType": "Default",
          "OverridableProperties": {}
        },
        "Index": 0,
        "PublishOrderIndex": 0,
        "VariantName": "DefaultHostControlVariant",
        "LayoutName": "",
        "MetaDataIDKey": "",
        "PersistMetaDataIDKey": false,
        "IsFromScreenLayout": false,
        "StyleName": "",
        "Parent": "App",
        "IsDataControl": true,
        "AllowAccessToGlobals": true,
        "OptimizeForDevices": "Off",
        "IsGroupControl": false,
        "IsAutoGenerated": false,
        "Rules": [
          {
            "Property": "OnNew",
            "Category": "Behavior",
            "InvariantScript": "false",
            "RuleProviderType": "Unknown"
          },
          {
            "Property": "OnEdit",
            "Category": "Behavior",
            "InvariantScript": "false",
            "RuleProviderType": "Unknown"
          },
          {
            "Property": "OnView",
            "Category": "Behavior",
            "InvariantScript": "false",
            "RuleProviderType": "Unknown"
          },
          {
            "Property": "OnSave",
            "Category": "Behavior",
            "InvariantScript": "false",
            "RuleProviderType": "Unknown"
          },
          {
            "Property": "OnCancel",
            "Category": "Behavior",
            "InvariantScript": "false",
            "RuleProviderType": "Unknown"
          }
        ],
        "ControlPropertyState": [
          "OnNew",
          "OnEdit",
          "OnView",
          "OnSave",
          "OnCancel"
        ],
        "IsLocked": false,
        "ControlUniqueId": "3",
        "Children": []
      }
    ]
  }
}